#
# There is insufficient memory for the Java Runtime Environment to continue.
# Native memory allocation (malloc) failed to allocate 1212304 bytes. Error detail: Chunk::new
# Possible reasons:
#   The system is out of physical RAM or swap space
#   This process is running with CompressedOops enabled, and the Java Heap may be blocking the growth of the native heap
# Possible solutions:
#   Reduce memory load on the system
#   Increase physical memory or swap space
#   Check if swap backing store is full
#   Decrease Java heap size (-Xmx/-Xms)
#   Decrease number of Java threads
#   Decrease Java thread stack sizes (-Xss)
#   Set larger code cache with -XX:ReservedCodeCacheSize=
#   JVM is running with Unscaled Compressed Oops mode in which the Java heap is
#     placed in the first 4GB address space. The Java Heap base address is the
#     maximum limit for the native heap growth. Please use -XX:HeapBaseMinAddress
#     to set the Java Heap base and to place the Java Heap above 4GB virtual address.
# This output file may be truncated or incomplete.
#
#  Out of Memory Error (arena.cpp:168), pid=359408, tid=359628
#
# JRE version: OpenJDK Runtime Environment (21.0.6) (build 21.0.6+-13391695-b895.109)
# Java VM: OpenJDK 64-Bit Server VM (21.0.6+-13391695-b895.109, mixed mode, tiered, compressed oops, compressed class ptrs, g1 gc, windows-amd64)
# No core dump will be written. Minidumps are not enabled by default on client versions of Windows
#

---------------  S U M M A R Y ------------

Command Line: --add-opens=java.base/java.lang=ALL-UNNAMED --add-opens=java.base/java.lang.invoke=ALL-UNNAMED --add-opens=java.base/java.util=ALL-UNNAMED --add-opens=java.prefs/java.util.prefs=ALL-UNNAMED --add-exports=jdk.compiler/com.sun.tools.javac.api=ALL-UNNAMED --add-exports=jdk.compiler/com.sun.tools.javac.util=ALL-UNNAMED --add-opens=java.base/java.util=ALL-UNNAMED --add-opens=java.prefs/java.util.prefs=ALL-UNNAMED --add-opens=java.base/java.nio.charset=ALL-UNNAMED --add-opens=java.base/java.net=ALL-UNNAMED --add-opens=java.base/java.util.concurrent.atomic=ALL-UNNAMED --add-opens=java.xml/javax.xml.namespace=ALL-UNNAMED -Xmx2048m -Dfile.encoding=UTF-8 -Duser.country=US -Duser.language=en -Duser.variant -javaagent:E:\Apps\AndridFiles\.gradle\wrapper\dists\gradle-8.13-bin\5xuhj0ry160q40clulazy9h7d\gradle-8.13\lib\agents\gradle-instrumentation-agent-8.13.jar org.gradle.launcher.daemon.bootstrap.GradleDaemon 8.13

Host: AMD Ryzen 5 7535HS with Radeon Graphics        , 12 cores, 15G,  Windows 11 , 64 bit Build 26100 (10.0.26100.5074)
Time: Sat Oct 11 22:10:07 2025 India Standard Time elapsed time: 35.172392 seconds (0d 0h 0m 35s)

---------------  T H R E A D  ---------------

Current thread (0x0000025299104aa0):  JavaThread "C2 CompilerThread2" daemon [_thread_in_native, id=359628, stack(0x0000009788c00000,0x0000009788d00000) (1024K)]


Current CompileTask:
C2:35172 13388       4       org.gradle.api.internal.changedetection.state.CachingFileHasher::hash (12 bytes)

Stack: [0x0000009788c00000,0x0000009788d00000]
Native frames: (J=compiled Java code, j=interpreted, Vv=VM code, C=native code)
V  [jvm.dll+0x6d0639]
V  [jvm.dll+0x85eb03]
V  [jvm.dll+0x86105e]
V  [jvm.dll+0x861743]
V  [jvm.dll+0x27e6e6]
V  [jvm.dll+0xbff6d]
V  [jvm.dll+0xc04a3]
V  [jvm.dll+0x3b61ab]
V  [jvm.dll+0x1de684]
V  [jvm.dll+0x247dd4]
V  [jvm.dll+0x247251]
V  [jvm.dll+0x1c5f04]
V  [jvm.dll+0x2569ac]
V  [jvm.dll+0x254ef6]
V  [jvm.dll+0x3f0e96]
V  [jvm.dll+0x806ed8]
V  [jvm.dll+0x6cef0d]
C  [ucrtbase.dll+0x37b0]
C  [KERNEL32.DLL+0x2e8d7]
C  [ntdll.dll+0x8d9c]


---------------  P R O C E S S  ---------------

Threads class SMR info:
_java_thread_list=0x00000252976bb550, length=131, elements={
0x00000252f5b0d2d0, 0x00000252fe779910, 0x00000252fe77c370, 0x00000252fe77e050,
0x00000252fe762000, 0x00000252fe762a50, 0x00000252fe78efb0, 0x00000252fe79fd40,
0x00000252fe7689b0, 0x00000252fe8b5f90, 0x00000252febb18b0, 0x000002529428e420,
0x0000025294284540, 0x00000252945716a0, 0x000002529431f9e0, 0x00000252941d7f00,
0x0000025294220fd0, 0x00000252943b73d0, 0x00000252943b66b0, 0x00000252943b6d40,
0x00000252943b4c70, 0x00000252943b6020, 0x00000252943b7a60, 0x00000252943b45e0,
0x00000252943b5990, 0x000002529596cee0, 0x000002529596dc00, 0x000002529596c1c0,
0x000002529596fcd0, 0x000002529596f640, 0x000002529596e290, 0x000002529596e920,
0x0000025295971080, 0x00000252937c2980, 0x00000252937c0f40, 0x00000252937c15d0,
0x00000252937c22f0, 0x00000252937c36a0, 0x00000252937c0220, 0x00000252937c3d30,
0x00000252937c3010, 0x00000252937c1c60, 0x00000252937c08b0, 0x00000252937c6b20,
0x00000252937c5770, 0x00000252937c5e00, 0x00000252937c50e0, 0x00000252937c6490,
0x00000252937c71b0, 0x00000252937c7840, 0x00000252937c43c0, 0x00000252937c4a50,
0x00000252fec61d30, 0x00000252fec61010, 0x00000252fec60980, 0x00000252fec602f0,
0x00000252fec5fc60, 0x00000252fec63770, 0x00000252fec63e00, 0x00000252fec64b20,
0x00000252fec616a0, 0x00000252fec64490, 0x00000252fec62a50, 0x00000252fec651b0,
0x00000252fec65840, 0x0000025295107100, 0x0000025295107e20, 0x0000025295792f80,
0x0000025295793ca0, 0x0000025295794330, 0x0000025295795050, 0x00000252957949c0,
0x0000025295796a90, 0x00000252957956e0, 0x0000025295793610, 0x0000025295797120,
0x00000252957991f0, 0x0000025295798b60, 0x000002529579a5a0, 0x00000252957977b0,
0x0000025295797e40, 0x00000252957984d0, 0x0000025295799880, 0x0000025295799f10,
0x000002529965bc80, 0x000002529965c310, 0x000002529965af60, 0x000002529965d030,
0x000002529965d6c0, 0x000002529965a240, 0x000002529965c9a0, 0x000002529965dd50,
0x000002529965b5f0, 0x000002529965a8d0, 0x00000252996611d0, 0x00000252996604b0,
0x0000025299661860, 0x0000025299660b40, 0x000002529965f100, 0x000002529965e3e0,
0x000002529965ea70, 0x000002529965f790, 0x00000252991021c0, 0x0000025299104aa0,
0x0000025293713540, 0x0000025293711470, 0x0000025293714f80, 0x0000025293711b00,
0x0000025293712190, 0x0000025293715610, 0x0000025293715ca0, 0x0000025293712820,
0x0000025293716330, 0x00000252937169c0, 0x0000025293717050, 0x00000252937176e0,
0x0000025293717d70, 0x000002529908ac40, 0x000002529908b960, 0x000002529908b2d0,
0x000002529908c680, 0x000002529908bff0, 0x0000025299089200, 0x000002529908cd10,
0x0000025299089f20, 0x000002529908a5b0, 0x0000025299089890, 0x0000025299090190,
0x000002529908fb00, 0x000002529908f470, 0x0000025299090820
}

Java Threads: ( => current thread )
  0x00000252f5b0d2d0 JavaThread "main"                              [_thread_blocked, id=347120, stack(0x0000009781300000,0x0000009781400000) (1024K)]
  0x00000252fe779910 JavaThread "Reference Handler"          daemon [_thread_blocked, id=355624, stack(0x0000009781b00000,0x0000009781c00000) (1024K)]
  0x00000252fe77c370 JavaThread "Finalizer"                  daemon [_thread_blocked, id=357844, stack(0x0000009781c00000,0x0000009781d00000) (1024K)]
  0x00000252fe77e050 JavaThread "Signal Dispatcher"          daemon [_thread_blocked, id=354428, stack(0x0000009781d00000,0x0000009781e00000) (1024K)]
  0x00000252fe762000 JavaThread "Attach Listener"            daemon [_thread_blocked, id=229580, stack(0x0000009781e00000,0x0000009781f00000) (1024K)]
  0x00000252fe762a50 JavaThread "Service Thread"             daemon [_thread_blocked, id=356876, stack(0x0000009781f00000,0x0000009782000000) (1024K)]
  0x00000252fe78efb0 JavaThread "Monitor Deflation Thread"   daemon [_thread_blocked, id=343164, stack(0x0000009782000000,0x0000009782100000) (1024K)]
  0x00000252fe79fd40 JavaThread "C2 CompilerThread0"         daemon [_thread_in_native, id=340044, stack(0x0000009782100000,0x0000009782200000) (1024K)]
  0x00000252fe7689b0 JavaThread "C1 CompilerThread0"         daemon [_thread_blocked, id=349220, stack(0x0000009782200000,0x0000009782300000) (1024K)]
  0x00000252fe8b5f90 JavaThread "Common-Cleaner"             daemon [_thread_blocked, id=355888, stack(0x0000009782300000,0x0000009782400000) (1024K)]
  0x00000252febb18b0 JavaThread "Notification Thread"        daemon [_thread_blocked, id=342624, stack(0x0000009782400000,0x0000009782500000) (1024K)]
  0x000002529428e420 JavaThread "Daemon health stats"               [_thread_blocked, id=29804, stack(0x0000009782f00000,0x0000009783000000) (1024K)]
  0x0000025294284540 JavaThread "Incoming local TCP Connector on port 56405"        [_thread_in_native, id=339196, stack(0x0000009783000000,0x0000009783100000) (1024K)]
  0x00000252945716a0 JavaThread "Daemon periodic checks"            [_thread_blocked, id=353396, stack(0x0000009783100000,0x0000009783200000) (1024K)]
  0x000002529431f9e0 JavaThread "Daemon"                            [_thread_blocked, id=65044, stack(0x0000009783200000,0x0000009783300000) (1024K)]
  0x00000252941d7f00 JavaThread "Handler for socket connection from /127.0.0.1:56405 to /127.0.0.1:56406"        [_thread_in_native, id=317628, stack(0x0000009783300000,0x0000009783400000) (1024K)]
  0x0000025294220fd0 JavaThread "Cancel handler"                    [_thread_blocked, id=319292, stack(0x0000009783400000,0x0000009783500000) (1024K)]
  0x00000252943b73d0 JavaThread "Daemon worker"                     [_thread_blocked, id=138372, stack(0x0000009783500000,0x0000009783600000) (1024K)]
  0x00000252943b66b0 JavaThread "Asynchronous log dispatcher for DefaultDaemonConnection: socket connection from /127.0.0.1:56405 to /127.0.0.1:56406"        [_thread_blocked, id=355792, stack(0x0000009783600000,0x0000009783700000) (1024K)]
  0x00000252943b6d40 JavaThread "Stdin handler"                     [_thread_blocked, id=356308, stack(0x0000009783700000,0x0000009783800000) (1024K)]
  0x00000252943b4c70 JavaThread "Daemon client event forwarder"        [_thread_blocked, id=335340, stack(0x0000009783800000,0x0000009783900000) (1024K)]
  0x00000252943b6020 JavaThread "Cache worker for journal cache (E:\Apps\AndridFiles\.gradle\caches\journal-1)"        [_thread_blocked, id=356144, stack(0x0000009783c00000,0x0000009783d00000) (1024K)]
  0x00000252943b7a60 JavaThread "File lock request listener"        [_thread_in_native, id=345504, stack(0x0000009783d00000,0x0000009783e00000) (1024K)]
  0x00000252943b45e0 JavaThread "Cache worker for file hash cache (E:\Apps\AndridFiles\.gradle\caches\8.13\fileHashes)"        [_thread_in_native, id=356700, stack(0x0000009783e00000,0x0000009783f00000) (1024K)]
  0x00000252943b5990 JavaThread "Cache worker for file hash cache (E:\codes\android-lab\DifferentLayouts\.gradle\8.13\fileHashes)"        [_thread_blocked, id=137752, stack(0x0000009783f00000,0x0000009784000000) (1024K)]
  0x000002529596cee0 JavaThread "Cache worker for Build Output Cleanup Cache (E:\codes\android-lab\DifferentLayouts\.gradle\buildOutputCleanup)"        [_thread_blocked, id=331328, stack(0x0000009784000000,0x0000009784100000) (1024K)]
  0x000002529596dc00 JavaThread "File watcher server"        daemon [_thread_in_native, id=331176, stack(0x0000009784100000,0x0000009784200000) (1024K)]
  0x000002529596c1c0 JavaThread "File watcher consumer"      daemon [_thread_blocked, id=348840, stack(0x0000009784200000,0x0000009784300000) (1024K)]
  0x000002529596fcd0 JavaThread "Cache worker for checksums cache (E:\codes\android-lab\DifferentLayouts\.gradle\8.13\checksums)"        [_thread_blocked, id=333040, stack(0x0000009782500000,0x0000009782600000) (1024K)]
  0x000002529596f640 JavaThread "Cache worker for file content cache (E:\Apps\AndridFiles\.gradle\caches\8.13\fileContent)"        [_thread_blocked, id=316408, stack(0x0000009782600000,0x0000009782700000) (1024K)]
  0x000002529596e290 JavaThread "Cache worker for cache directory md-supplier (E:\Apps\AndridFiles\.gradle\caches\8.13\md-supplier)"        [_thread_blocked, id=357940, stack(0x0000009784400000,0x0000009784500000) (1024K)]
  0x000002529596e920 JavaThread "Cache worker for cache directory md-rule (E:\Apps\AndridFiles\.gradle\caches\8.13\md-rule)"        [_thread_blocked, id=357424, stack(0x0000009784500000,0x0000009784600000) (1024K)]
  0x0000025295971080 JavaThread "Unconstrained build operations"        [_thread_blocked, id=354412, stack(0x0000009784300000,0x0000009784400000) (1024K)]
  0x00000252937c2980 JavaThread "Unconstrained build operations Thread 2"        [_thread_blocked, id=356556, stack(0x0000009784600000,0x0000009784700000) (1024K)]
  0x00000252937c0f40 JavaThread "Unconstrained build operations Thread 3"        [_thread_blocked, id=357292, stack(0x0000009784800000,0x0000009784900000) (1024K)]
  0x00000252937c15d0 JavaThread "Unconstrained build operations Thread 4"        [_thread_blocked, id=63196, stack(0x0000009784900000,0x0000009784a00000) (1024K)]
  0x00000252937c22f0 JavaThread "Unconstrained build operations Thread 5"        [_thread_blocked, id=348952, stack(0x0000009784a00000,0x0000009784b00000) (1024K)]
  0x00000252937c36a0 JavaThread "Unconstrained build operations Thread 6"        [_thread_blocked, id=354592, stack(0x0000009784b00000,0x0000009784c00000) (1024K)]
  0x00000252937c0220 JavaThread "Unconstrained build operations Thread 7"        [_thread_blocked, id=97220, stack(0x0000009784c00000,0x0000009784d00000) (1024K)]
  0x00000252937c3d30 JavaThread "Unconstrained build operations Thread 8"        [_thread_blocked, id=358464, stack(0x0000009784d00000,0x0000009784e00000) (1024K)]
  0x00000252937c3010 JavaThread "Unconstrained build operations Thread 9"        [_thread_blocked, id=348616, stack(0x0000009784e00000,0x0000009784f00000) (1024K)]
  0x00000252937c1c60 JavaThread "Unconstrained build operations Thread 10"        [_thread_blocked, id=354784, stack(0x0000009784f00000,0x0000009785000000) (1024K)]
  0x00000252937c08b0 JavaThread "Unconstrained build operations Thread 11"        [_thread_blocked, id=358048, stack(0x0000009785000000,0x0000009785100000) (1024K)]
  0x00000252937c6b20 JavaThread "Unconstrained build operations Thread 12"        [_thread_blocked, id=356272, stack(0x0000009785200000,0x0000009785300000) (1024K)]
  0x00000252937c5770 JavaThread "Unconstrained build operations Thread 13"        [_thread_blocked, id=304952, stack(0x0000009785300000,0x0000009785400000) (1024K)]
  0x00000252937c5e00 JavaThread "Unconstrained build operations Thread 14"        [_thread_blocked, id=139580, stack(0x0000009785400000,0x0000009785500000) (1024K)]
  0x00000252937c50e0 JavaThread "Unconstrained build operations Thread 15"        [_thread_blocked, id=337524, stack(0x0000009785500000,0x0000009785600000) (1024K)]
  0x00000252937c6490 JavaThread "Unconstrained build operations Thread 16"        [_thread_blocked, id=333284, stack(0x0000009785600000,0x0000009785700000) (1024K)]
  0x00000252937c71b0 JavaThread "Unconstrained build operations Thread 17"        [_thread_blocked, id=339320, stack(0x0000009785700000,0x0000009785800000) (1024K)]
  0x00000252937c7840 JavaThread "Unconstrained build operations Thread 18"        [_thread_blocked, id=354716, stack(0x0000009785800000,0x0000009785900000) (1024K)]
  0x00000252937c43c0 JavaThread "Unconstrained build operations Thread 19"        [_thread_blocked, id=358816, stack(0x0000009785900000,0x0000009785a00000) (1024K)]
  0x00000252937c4a50 JavaThread "Unconstrained build operations Thread 20"        [_thread_blocked, id=354164, stack(0x0000009785a00000,0x0000009785b00000) (1024K)]
  0x00000252fec61d30 JavaThread "Unconstrained build operations Thread 21"        [_thread_blocked, id=358920, stack(0x0000009785b00000,0x0000009785c00000) (1024K)]
  0x00000252fec61010 JavaThread "Unconstrained build operations Thread 22"        [_thread_blocked, id=356580, stack(0x0000009785c00000,0x0000009785d00000) (1024K)]
  0x00000252fec60980 JavaThread "Unconstrained build operations Thread 23"        [_thread_blocked, id=352148, stack(0x0000009785d00000,0x0000009785e00000) (1024K)]
  0x00000252fec602f0 JavaThread "Unconstrained build operations Thread 24"        [_thread_blocked, id=347480, stack(0x0000009785e00000,0x0000009785f00000) (1024K)]
  0x00000252fec5fc60 JavaThread "Unconstrained build operations Thread 25"        [_thread_blocked, id=355288, stack(0x0000009785f00000,0x0000009786000000) (1024K)]
  0x00000252fec63770 JavaThread "Unconstrained build operations Thread 26"        [_thread_blocked, id=122240, stack(0x0000009786000000,0x0000009786100000) (1024K)]
  0x00000252fec63e00 JavaThread "Unconstrained build operations Thread 27"        [_thread_blocked, id=335076, stack(0x0000009786100000,0x0000009786200000) (1024K)]
  0x00000252fec64b20 JavaThread "Unconstrained build operations Thread 28"        [_thread_blocked, id=357252, stack(0x0000009786200000,0x0000009786300000) (1024K)]
  0x00000252fec616a0 JavaThread "Unconstrained build operations Thread 29"        [_thread_blocked, id=349572, stack(0x0000009786300000,0x0000009786400000) (1024K)]
  0x00000252fec64490 JavaThread "Unconstrained build operations Thread 30"        [_thread_blocked, id=348628, stack(0x0000009786400000,0x0000009786500000) (1024K)]
  0x00000252fec62a50 JavaThread "Unconstrained build operations Thread 31"        [_thread_blocked, id=7072, stack(0x0000009786500000,0x0000009786600000) (1024K)]
  0x00000252fec651b0 JavaThread "Unconstrained build operations Thread 32"        [_thread_blocked, id=357388, stack(0x0000009786600000,0x0000009786700000) (1024K)]
  0x00000252fec65840 JavaThread "Unconstrained build operations Thread 33"        [_thread_blocked, id=353996, stack(0x0000009786700000,0x0000009786800000) (1024K)]
  0x0000025295107100 JavaThread "build event listener"              [_thread_blocked, id=223160, stack(0x0000009785100000,0x0000009785200000) (1024K)]
  0x0000025295107e20 JavaThread "Memory manager"                    [_thread_blocked, id=28056, stack(0x0000009786900000,0x0000009786a00000) (1024K)]
  0x0000025295792f80 JavaThread "included builds"                   [_thread_blocked, id=355800, stack(0x0000009786a00000,0x0000009786b00000) (1024K)]
  0x0000025295793ca0 JavaThread "Execution worker"                  [_thread_blocked, id=70100, stack(0x0000009786b00000,0x0000009786c00000) (1024K)]
  0x0000025295794330 JavaThread "Execution worker Thread 2"         [_thread_blocked, id=356516, stack(0x0000009786c00000,0x0000009786d00000) (1024K)]
  0x0000025295795050 JavaThread "Execution worker Thread 3"         [_thread_blocked, id=349968, stack(0x0000009786d00000,0x0000009786e00000) (1024K)]
  0x00000252957949c0 JavaThread "Execution worker Thread 4"         [_thread_blocked, id=354132, stack(0x0000009786e00000,0x0000009786f00000) (1024K)]
  0x0000025295796a90 JavaThread "Execution worker Thread 5"         [_thread_blocked, id=357716, stack(0x0000009786f00000,0x0000009787000000) (1024K)]
  0x00000252957956e0 JavaThread "Execution worker Thread 6"         [_thread_blocked, id=335868, stack(0x0000009787000000,0x0000009787100000) (1024K)]
  0x0000025295793610 JavaThread "Execution worker Thread 7"         [_thread_blocked, id=334300, stack(0x0000009787100000,0x0000009787200000) (1024K)]
  0x0000025295797120 JavaThread "Execution worker Thread 8"         [_thread_blocked, id=358628, stack(0x0000009787200000,0x0000009787300000) (1024K)]
  0x00000252957991f0 JavaThread "Execution worker Thread 9"         [_thread_blocked, id=126284, stack(0x0000009787300000,0x0000009787400000) (1024K)]
  0x0000025295798b60 JavaThread "Execution worker Thread 10"        [_thread_in_native, id=20044, stack(0x0000009787400000,0x0000009787500000) (1024K)]
  0x000002529579a5a0 JavaThread "Execution worker Thread 11"        [_thread_blocked, id=221108, stack(0x0000009787500000,0x0000009787600000) (1024K)]
  0x00000252957977b0 JavaThread "Cache worker for execution history cache (E:\codes\android-lab\DifferentLayouts\.gradle\8.13\executionHistory)"        [_thread_blocked, id=354628, stack(0x0000009787600000,0x0000009787700000) (1024K)]
  0x0000025295797e40 JavaThread "Unconstrained build operations Thread 34"        [_thread_blocked, id=223240, stack(0x0000009786800000,0x0000009786900000) (1024K)]
  0x00000252957984d0 JavaThread "Unconstrained build operations Thread 35"        [_thread_blocked, id=352584, stack(0x0000009787700000,0x0000009787800000) (1024K)]
  0x0000025295799880 JavaThread "Unconstrained build operations Thread 36"        [_thread_blocked, id=344112, stack(0x0000009787800000,0x0000009787900000) (1024K)]
  0x0000025295799f10 JavaThread "Unconstrained build operations Thread 37"        [_thread_blocked, id=351084, stack(0x0000009787900000,0x0000009787a00000) (1024K)]
  0x000002529965bc80 JavaThread "Unconstrained build operations Thread 38"        [_thread_blocked, id=355532, stack(0x0000009787a00000,0x0000009787b00000) (1024K)]
  0x000002529965c310 JavaThread "Unconstrained build operations Thread 39"        [_thread_blocked, id=356612, stack(0x0000009787b00000,0x0000009787c00000) (1024K)]
  0x000002529965af60 JavaThread "Unconstrained build operations Thread 40"        [_thread_blocked, id=338288, stack(0x0000009787c00000,0x0000009787d00000) (1024K)]
  0x000002529965d030 JavaThread "Unconstrained build operations Thread 41"        [_thread_blocked, id=94788, stack(0x0000009787d00000,0x0000009787e00000) (1024K)]
  0x000002529965d6c0 JavaThread "Unconstrained build operations Thread 42"        [_thread_blocked, id=350348, stack(0x0000009787e00000,0x0000009787f00000) (1024K)]
  0x000002529965a240 JavaThread "Unconstrained build operations Thread 43"        [_thread_blocked, id=354068, stack(0x0000009787f00000,0x0000009788000000) (1024K)]
  0x000002529965c9a0 JavaThread "Unconstrained build operations Thread 44"        [_thread_blocked, id=137760, stack(0x0000009788000000,0x0000009788100000) (1024K)]
  0x000002529965dd50 JavaThread "Unconstrained build operations Thread 45"        [_thread_blocked, id=360164, stack(0x0000009781100000,0x0000009781200000) (1024K)]
  0x000002529965b5f0 JavaThread "Unconstrained build operations Thread 46"        [_thread_blocked, id=360168, stack(0x0000009788100000,0x0000009788200000) (1024K)]
  0x000002529965a8d0 JavaThread "Unconstrained build operations Thread 47"        [_thread_blocked, id=360172, stack(0x0000009788200000,0x0000009788300000) (1024K)]
  0x00000252996611d0 JavaThread "Unconstrained build operations Thread 48"        [_thread_blocked, id=360176, stack(0x0000009788300000,0x0000009788400000) (1024K)]
  0x00000252996604b0 JavaThread "Unconstrained build operations Thread 49"        [_thread_blocked, id=360180, stack(0x0000009788400000,0x0000009788500000) (1024K)]
  0x0000025299661860 JavaThread "Unconstrained build operations Thread 50"        [_thread_blocked, id=360184, stack(0x0000009788500000,0x0000009788600000) (1024K)]
  0x0000025299660b40 JavaThread "Unconstrained build operations Thread 51"        [_thread_blocked, id=360188, stack(0x0000009788600000,0x0000009788700000) (1024K)]
  0x000002529965f100 JavaThread "Unconstrained build operations Thread 52"        [_thread_blocked, id=360192, stack(0x0000009788700000,0x0000009788800000) (1024K)]
  0x000002529965e3e0 JavaThread "Unconstrained build operations Thread 53"        [_thread_blocked, id=360200, stack(0x0000009788800000,0x0000009788900000) (1024K)]
  0x000002529965ea70 JavaThread "Unconstrained build operations Thread 54"        [_thread_blocked, id=360204, stack(0x0000009788900000,0x0000009788a00000) (1024K)]
  0x000002529965f790 JavaThread "Unconstrained build operations Thread 55"        [_thread_blocked, id=360212, stack(0x0000009788a00000,0x0000009788b00000) (1024K)]
  0x00000252991021c0 JavaThread "C2 CompilerThread1"         daemon [_thread_in_native, id=360228, stack(0x0000009788b00000,0x0000009788c00000) (1024K)]
=>0x0000025299104aa0 JavaThread "C2 CompilerThread2"         daemon [_thread_in_native, id=359628, stack(0x0000009788c00000,0x0000009788d00000) (1024K)]
  0x0000025293713540 JavaThread "WorkerExecutor Queue"              [_thread_blocked, id=22040, stack(0x0000009788d00000,0x0000009788e00000) (1024K)]
  0x0000025293711470 JavaThread "Unconstrained build operations Thread 56"        [_thread_blocked, id=347400, stack(0x0000009788e00000,0x0000009788f00000) (1024K)]
  0x0000025293714f80 JavaThread "Unconstrained build operations Thread 57"        [_thread_blocked, id=83364, stack(0x0000009788f00000,0x0000009789000000) (1024K)]
  0x0000025293711b00 JavaThread "Unconstrained build operations Thread 58"        [_thread_blocked, id=22300, stack(0x0000009789000000,0x0000009789100000) (1024K)]
  0x0000025293712190 JavaThread "WorkerExecutor Queue Thread 2"        [_thread_blocked, id=343668, stack(0x0000009789100000,0x0000009789200000) (1024K)]
  0x0000025293715610 JavaThread "Unconstrained build operations Thread 59"        [_thread_blocked, id=359644, stack(0x0000009789200000,0x0000009789300000) (1024K)]
  0x0000025293715ca0 JavaThread "Unconstrained build operations Thread 60"        [_thread_blocked, id=359652, stack(0x0000009789300000,0x0000009789400000) (1024K)]
  0x0000025293712820 JavaThread "Unconstrained build operations Thread 61"        [_thread_blocked, id=359656, stack(0x0000009789400000,0x0000009789500000) (1024K)]
  0x0000025293716330 JavaThread "Unconstrained build operations Thread 62"        [_thread_blocked, id=359660, stack(0x0000009789500000,0x0000009789600000) (1024K)]
  0x00000252937169c0 JavaThread "Unconstrained build operations Thread 63"        [_thread_blocked, id=359664, stack(0x0000009789600000,0x0000009789700000) (1024K)]
  0x0000025293717050 JavaThread "Unconstrained build operations Thread 64"        [_thread_blocked, id=359668, stack(0x0000009789700000,0x0000009789800000) (1024K)]
  0x00000252937176e0 JavaThread "Unconstrained build operations Thread 65"        [_thread_blocked, id=359672, stack(0x0000009789800000,0x0000009789900000) (1024K)]
  0x0000025293717d70 JavaThread "Unconstrained build operations Thread 66"        [_thread_blocked, id=359676, stack(0x0000009789900000,0x0000009789a00000) (1024K)]
  0x000002529908ac40 JavaThread "Unconstrained build operations Thread 67"        [_thread_blocked, id=359684, stack(0x0000009789a00000,0x0000009789b00000) (1024K)]
  0x000002529908b960 JavaThread "Unconstrained build operations Thread 68"        [_thread_blocked, id=359696, stack(0x0000009789b00000,0x0000009789c00000) (1024K)]
  0x000002529908b2d0 JavaThread "Unconstrained build operations Thread 69"        [_thread_blocked, id=359720, stack(0x0000009789c00000,0x0000009789d00000) (1024K)]
  0x000002529908c680 JavaThread "Unconstrained build operations Thread 70"        [_thread_blocked, id=360524, stack(0x0000009789d00000,0x0000009789e00000) (1024K)]
  0x000002529908bff0 JavaThread "Unconstrained build operations Thread 71"        [_thread_in_native, id=360528, stack(0x0000009789e00000,0x0000009789f00000) (1024K)]
  0x0000025299089200 JavaThread "Unconstrained build operations Thread 72"        [_thread_blocked, id=360532, stack(0x0000009789f00000,0x000000978a000000) (1024K)]
  0x000002529908cd10 JavaThread "Unconstrained build operations Thread 73"        [_thread_in_native, id=360536, stack(0x000000978a000000,0x000000978a100000) (1024K)]
  0x0000025299089f20 JavaThread "Unconstrained build operations Thread 74"        [_thread_in_native, id=360540, stack(0x000000978a100000,0x000000978a200000) (1024K)]
  0x000002529908a5b0 JavaThread "Unconstrained build operations Thread 75"        [_thread_blocked, id=360544, stack(0x000000978a200000,0x000000978a300000) (1024K)]
  0x0000025299089890 JavaThread "Unconstrained build operations Thread 76"        [_thread_blocked, id=360548, stack(0x000000978a300000,0x000000978a400000) (1024K)]
  0x0000025299090190 JavaThread "Unconstrained build operations Thread 77"        [_thread_in_native, id=360552, stack(0x000000978a400000,0x000000978a500000) (1024K)]
  0x000002529908fb00 JavaThread "Unconstrained build operations Thread 78"        [_thread_blocked, id=360560, stack(0x000000978a500000,0x000000978a600000) (1024K)]
  0x000002529908f470 JavaThread "Unconstrained build operations Thread 79"        [_thread_blocked, id=360564, stack(0x000000978a600000,0x000000978a700000) (1024K)]
  0x0000025299090820 JavaThread "Unconstrained build operations Thread 80"        [_thread_blocked, id=360568, stack(0x000000978a700000,0x000000978a800000) (1024K)]
Total: 131

Other Threads:
  0x00000252fe66e880 VMThread "VM Thread"                           [id=357280, stack(0x0000009781a00000,0x0000009781b00000) (1024K)]
  0x00000252fe6f09d0 WatcherThread "VM Periodic Task Thread"        [id=352772, stack(0x0000009781900000,0x0000009781a00000) (1024K)]
  0x00000252f5b65510 WorkerThread "GC Thread#0"                     [id=356928, stack(0x0000009781400000,0x0000009781500000) (1024K)]
  0x00000252ff0f0890 WorkerThread "GC Thread#1"                     [id=352676, stack(0x0000009782700000,0x0000009782800000) (1024K)]
  0x00000252ff0f0c30 WorkerThread "GC Thread#2"                     [id=359056, stack(0x0000009782800000,0x0000009782900000) (1024K)]
  0x00000252ff0f0fd0 WorkerThread "GC Thread#3"                     [id=20236, stack(0x0000009782900000,0x0000009782a00000) (1024K)]
  0x00000252ff033190 WorkerThread "GC Thread#4"                     [id=222668, stack(0x0000009782a00000,0x0000009782b00000) (1024K)]
  0x0000025294096ba0 WorkerThread "GC Thread#5"                     [id=358960, stack(0x0000009782b00000,0x0000009782c00000) (1024K)]
  0x0000025294097f50 WorkerThread "GC Thread#6"                     [id=342884, stack(0x0000009782c00000,0x0000009782d00000) (1024K)]
  0x00000252940982f0 WorkerThread "GC Thread#7"                     [id=335988, stack(0x0000009782d00000,0x0000009782e00000) (1024K)]
  0x0000025294098e70 WorkerThread "GC Thread#8"                     [id=335128, stack(0x0000009782e00000,0x0000009782f00000) (1024K)]
  0x0000025294440180 WorkerThread "GC Thread#9"                     [id=354448, stack(0x0000009783900000,0x0000009783a00000) (1024K)]
  0x00000252f5b77410 ConcurrentGCThread "G1 Main Marker"            [id=74628, stack(0x0000009781500000,0x0000009781600000) (1024K)]
  0x00000252f5b78c60 WorkerThread "G1 Conc#0"                       [id=345640, stack(0x0000009781600000,0x0000009781700000) (1024K)]
  0x0000025294440c60 WorkerThread "G1 Conc#1"                       [id=356968, stack(0x0000009783a00000,0x0000009783b00000) (1024K)]
  0x0000025294440520 WorkerThread "G1 Conc#2"                       [id=358864, stack(0x0000009783b00000,0x0000009783c00000) (1024K)]
  0x00000252fe550330 ConcurrentGCThread "G1 Refine#0"               [id=345524, stack(0x0000009781700000,0x0000009781800000) (1024K)]
  0x00000252fe550b50 ConcurrentGCThread "G1 Service"                [id=329908, stack(0x0000009781800000,0x0000009781900000) (1024K)]
Total: 18

Threads with active compile tasks:
C2 CompilerThread0  35207 13389       4       org.gradle.api.internal.changedetection.state.CachingFileHasher::snapshot (122 bytes)
C2 CompilerThread1  35207 13387       4       org.gradle.api.internal.changedetection.state.SplitFileHasher::hash (44 bytes)
C2 CompilerThread2  35207 13388       4       org.gradle.api.internal.changedetection.state.CachingFileHasher::hash (12 bytes)
Total: 3

VM state: not at safepoint (normal execution)

VM Mutex/Monitor currently owned by a thread: None

Heap address: 0x0000000080000000, size: 2048 MB, Compressed Oops mode: 32-bit

CDS archive(s) not mapped
Compressed class space mapped at: 0x0000000100000000-0x0000000140000000, reserved size: 1073741824
Narrow klass base: 0x0000000000000000, Narrow klass shift: 3, Narrow klass range: 0x140000000

GC Precious Log:
 CardTable entry size: 512
 Card Set container configuration: InlinePtr #cards 5 size 8 Array Of Cards #cards 12 size 40 Howl #buckets 4 coarsen threshold 1843 Howl Bitmap #cards 512 size 80 coarsen threshold 460 Card regions per heap region 1 cards per card region 2048
 CPUs: 12 total, 12 available
 Memory: 15573M
 Large Page Support: Disabled
 NUMA Support: Disabled
 Compressed Oops: Enabled (32-bit)
 Heap Region Size: 1M
 Heap Min Capacity: 8M
 Heap Initial Capacity: 244M
 Heap Max Capacity: 2G
 Pre-touch: Disabled
 Parallel Workers: 10
 Concurrent Workers: 3
 Concurrent Refinement Workers: 10
 Periodic GC: Disabled

Heap:
 garbage-first heap   total 188416K, used 136192K [0x0000000080000000, 0x0000000100000000)
  region size 1024K, 22 young (22528K), 5 survivors (5120K)
 Metaspace       used 114625K, committed 116800K, reserved 1179648K
  class space    used 15511K, committed 16576K, reserved 1048576K

Heap Regions: E=young(eden), S=young(survivor), O=old, HS=humongous(starts), HC=humongous(continues), CS=collection set, F=free, TAMS=top-at-mark-start, PB=parsable bottom
|   0|0x0000000080000000, 0x0000000080100000, 0x0000000080100000|100%|HS|  |TAMS 0x0000000080000000| PB 0x0000000080000000| Complete 
|   1|0x0000000080100000, 0x0000000080200000, 0x0000000080200000|100%|HC|  |TAMS 0x0000000080100000| PB 0x0000000080100000| Complete 
|   2|0x0000000080200000, 0x0000000080300000, 0x0000000080300000|100%|HC|  |TAMS 0x0000000080200000| PB 0x0000000080200000| Complete 
|   3|0x0000000080300000, 0x0000000080400000, 0x0000000080400000|100%| O|  |TAMS 0x0000000080300000| PB 0x0000000080300000| Untracked 
|   4|0x0000000080400000, 0x0000000080500000, 0x0000000080500000|100%| O|  |TAMS 0x0000000080400000| PB 0x0000000080400000| Untracked 
|   5|0x0000000080500000, 0x0000000080600000, 0x0000000080600000|100%| O|  |TAMS 0x0000000080500000| PB 0x0000000080500000| Untracked 
|   6|0x0000000080600000, 0x0000000080700000, 0x0000000080700000|100%|HS|  |TAMS 0x0000000080600000| PB 0x0000000080600000| Complete 
|   7|0x0000000080700000, 0x0000000080800000, 0x0000000080800000|100%| O|  |TAMS 0x0000000080700000| PB 0x0000000080700000| Untracked 
|   8|0x0000000080800000, 0x0000000080900000, 0x0000000080900000|100%| O|  |TAMS 0x0000000080800000| PB 0x0000000080800000| Untracked 
|   9|0x0000000080900000, 0x0000000080a00000, 0x0000000080a00000|100%| O|  |TAMS 0x0000000080900000| PB 0x0000000080900000| Untracked 
|  10|0x0000000080a00000, 0x0000000080b00000, 0x0000000080b00000|100%| O|  |TAMS 0x0000000080a00000| PB 0x0000000080a00000| Untracked 
|  11|0x0000000080b00000, 0x0000000080c00000, 0x0000000080c00000|100%| O|  |TAMS 0x0000000080b00000| PB 0x0000000080b00000| Untracked 
|  12|0x0000000080c00000, 0x0000000080d00000, 0x0000000080d00000|100%| O|  |TAMS 0x0000000080c00000| PB 0x0000000080c00000| Untracked 
|  13|0x0000000080d00000, 0x0000000080e00000, 0x0000000080e00000|100%| O|  |TAMS 0x0000000080d00000| PB 0x0000000080d00000| Untracked 
|  14|0x0000000080e00000, 0x0000000080f00000, 0x0000000080f00000|100%| O|  |TAMS 0x0000000080e00000| PB 0x0000000080e00000| Untracked 
|  15|0x0000000080f00000, 0x0000000081000000, 0x0000000081000000|100%| O|  |TAMS 0x0000000080f00000| PB 0x0000000080f00000| Untracked 
|  16|0x0000000081000000, 0x0000000081100000, 0x0000000081100000|100%| O|  |TAMS 0x0000000081000000| PB 0x0000000081000000| Untracked 
|  17|0x0000000081100000, 0x0000000081200000, 0x0000000081200000|100%| O|  |TAMS 0x0000000081100000| PB 0x0000000081100000| Untracked 
|  18|0x0000000081200000, 0x0000000081300000, 0x0000000081300000|100%| O|  |TAMS 0x0000000081200000| PB 0x0000000081200000| Untracked 
|  19|0x0000000081300000, 0x0000000081400000, 0x0000000081400000|100%| O|  |TAMS 0x0000000081300000| PB 0x0000000081300000| Untracked 
|  20|0x0000000081400000, 0x0000000081500000, 0x0000000081500000|100%| O|  |TAMS 0x0000000081400000| PB 0x0000000081400000| Untracked 
|  21|0x0000000081500000, 0x0000000081600000, 0x0000000081600000|100%| O|  |TAMS 0x0000000081500000| PB 0x0000000081500000| Untracked 
|  22|0x0000000081600000, 0x0000000081700000, 0x0000000081700000|100%| O|  |TAMS 0x0000000081600000| PB 0x0000000081600000| Untracked 
|  23|0x0000000081700000, 0x0000000081800000, 0x0000000081800000|100%| O|  |TAMS 0x0000000081700000| PB 0x0000000081700000| Untracked 
|  24|0x0000000081800000, 0x0000000081900000, 0x0000000081900000|100%| O|  |TAMS 0x0000000081800000| PB 0x0000000081800000| Untracked 
|  25|0x0000000081900000, 0x0000000081a00000, 0x0000000081a00000|100%| O|  |TAMS 0x0000000081900000| PB 0x0000000081900000| Untracked 
|  26|0x0000000081a00000, 0x0000000081b00000, 0x0000000081b00000|100%| O|  |TAMS 0x0000000081a00000| PB 0x0000000081a00000| Untracked 
|  27|0x0000000081b00000, 0x0000000081c00000, 0x0000000081c00000|100%| O|  |TAMS 0x0000000081b00000| PB 0x0000000081b00000| Untracked 
|  28|0x0000000081c00000, 0x0000000081d00000, 0x0000000081d00000|100%| O|  |TAMS 0x0000000081c00000| PB 0x0000000081c00000| Untracked 
|  29|0x0000000081d00000, 0x0000000081e00000, 0x0000000081e00000|100%| O|  |TAMS 0x0000000081d00000| PB 0x0000000081d00000| Untracked 
|  30|0x0000000081e00000, 0x0000000081f00000, 0x0000000081f00000|100%| O|  |TAMS 0x0000000081e00000| PB 0x0000000081e00000| Untracked 
|  31|0x0000000081f00000, 0x0000000082000000, 0x0000000082000000|100%| O|  |TAMS 0x0000000081f00000| PB 0x0000000081f00000| Untracked 
|  32|0x0000000082000000, 0x0000000082100000, 0x0000000082100000|100%| O|  |TAMS 0x0000000082000000| PB 0x0000000082000000| Untracked 
|  33|0x0000000082100000, 0x0000000082200000, 0x0000000082200000|100%| O|  |TAMS 0x0000000082100000| PB 0x0000000082100000| Untracked 
|  34|0x0000000082200000, 0x0000000082300000, 0x0000000082300000|100%| O|  |TAMS 0x0000000082200000| PB 0x0000000082200000| Untracked 
|  35|0x0000000082300000, 0x0000000082400000, 0x0000000082400000|100%| O|  |TAMS 0x0000000082300000| PB 0x0000000082300000| Untracked 
|  36|0x0000000082400000, 0x0000000082500000, 0x0000000082500000|100%| O|  |TAMS 0x0000000082400000| PB 0x0000000082400000| Untracked 
|  37|0x0000000082500000, 0x0000000082600000, 0x0000000082600000|100%| O|  |TAMS 0x0000000082500000| PB 0x0000000082500000| Untracked 
|  38|0x0000000082600000, 0x0000000082700000, 0x0000000082700000|100%| O|  |TAMS 0x0000000082600000| PB 0x0000000082600000| Untracked 
|  39|0x0000000082700000, 0x0000000082800000, 0x0000000082800000|100%| O|  |TAMS 0x0000000082700000| PB 0x0000000082700000| Untracked 
|  40|0x0000000082800000, 0x0000000082900000, 0x0000000082900000|100%| O|  |TAMS 0x0000000082800000| PB 0x0000000082800000| Untracked 
|  41|0x0000000082900000, 0x0000000082a00000, 0x0000000082a00000|100%| O|  |TAMS 0x0000000082900000| PB 0x0000000082900000| Untracked 
|  42|0x0000000082a00000, 0x0000000082b00000, 0x0000000082b00000|100%| O|  |TAMS 0x0000000082a00000| PB 0x0000000082a00000| Untracked 
|  43|0x0000000082b00000, 0x0000000082c00000, 0x0000000082c00000|100%| O|  |TAMS 0x0000000082b00000| PB 0x0000000082b00000| Untracked 
|  44|0x0000000082c00000, 0x0000000082d00000, 0x0000000082d00000|100%| O|  |TAMS 0x0000000082c00000| PB 0x0000000082c00000| Untracked 
|  45|0x0000000082d00000, 0x0000000082e00000, 0x0000000082e00000|100%| O|  |TAMS 0x0000000082d00000| PB 0x0000000082d00000| Untracked 
|  46|0x0000000082e00000, 0x0000000082f00000, 0x0000000082f00000|100%| O|  |TAMS 0x0000000082e00000| PB 0x0000000082e00000| Untracked 
|  47|0x0000000082f00000, 0x0000000083000000, 0x0000000083000000|100%| O|  |TAMS 0x0000000082f00000| PB 0x0000000082f00000| Untracked 
|  48|0x0000000083000000, 0x0000000083100000, 0x0000000083100000|100%| O|  |TAMS 0x0000000083000000| PB 0x0000000083000000| Untracked 
|  49|0x0000000083100000, 0x0000000083200000, 0x0000000083200000|100%|HS|  |TAMS 0x0000000083100000| PB 0x0000000083100000| Complete 
|  50|0x0000000083200000, 0x0000000083300000, 0x0000000083300000|100%|HS|  |TAMS 0x0000000083200000| PB 0x0000000083200000| Complete 
|  51|0x0000000083300000, 0x0000000083400000, 0x0000000083400000|100%|HS|  |TAMS 0x0000000083300000| PB 0x0000000083300000| Complete 
|  52|0x0000000083400000, 0x0000000083500000, 0x0000000083500000|100%| O|  |TAMS 0x0000000083400000| PB 0x0000000083400000| Untracked 
|  53|0x0000000083500000, 0x0000000083600000, 0x0000000083600000|100%| O|Cm|TAMS 0x0000000083500000| PB 0x0000000083500000| Complete 
|  54|0x0000000083600000, 0x0000000083700000, 0x0000000083700000|100%| O|  |TAMS 0x0000000083600000| PB 0x0000000083600000| Untracked 
|  55|0x0000000083700000, 0x0000000083800000, 0x0000000083800000|100%| O|  |TAMS 0x0000000083700000| PB 0x0000000083700000| Untracked 
|  56|0x0000000083800000, 0x0000000083900000, 0x0000000083900000|100%|HS|  |TAMS 0x0000000083800000| PB 0x0000000083800000| Complete 
|  57|0x0000000083900000, 0x0000000083a00000, 0x0000000083a00000|100%| O|  |TAMS 0x0000000083900000| PB 0x0000000083900000| Untracked 
|  58|0x0000000083a00000, 0x0000000083b00000, 0x0000000083b00000|100%| O|  |TAMS 0x0000000083a00000| PB 0x0000000083a00000| Untracked 
|  59|0x0000000083b00000, 0x0000000083c00000, 0x0000000083c00000|100%|HS|  |TAMS 0x0000000083b00000| PB 0x0000000083b00000| Complete 
|  60|0x0000000083c00000, 0x0000000083d00000, 0x0000000083d00000|100%|HS|  |TAMS 0x0000000083c00000| PB 0x0000000083c00000| Complete 
|  61|0x0000000083d00000, 0x0000000083e00000, 0x0000000083e00000|100%| O|  |TAMS 0x0000000083d00000| PB 0x0000000083d00000| Untracked 
|  62|0x0000000083e00000, 0x0000000083f00000, 0x0000000083f00000|100%| O|  |TAMS 0x0000000083e00000| PB 0x0000000083e00000| Untracked 
|  63|0x0000000083f00000, 0x0000000084000000, 0x0000000084000000|100%| O|  |TAMS 0x0000000083f00000| PB 0x0000000083f00000| Untracked 
|  64|0x0000000084000000, 0x0000000084100000, 0x0000000084100000|100%| O|  |TAMS 0x0000000084000000| PB 0x0000000084000000| Untracked 
|  65|0x0000000084100000, 0x0000000084200000, 0x0000000084200000|100%| O|  |TAMS 0x0000000084100000| PB 0x0000000084100000| Untracked 
|  66|0x0000000084200000, 0x0000000084300000, 0x0000000084300000|100%| O|  |TAMS 0x0000000084200000| PB 0x0000000084200000| Untracked 
|  67|0x0000000084300000, 0x0000000084400000, 0x0000000084400000|100%|HS|  |TAMS 0x0000000084300000| PB 0x0000000084300000| Complete 
|  68|0x0000000084400000, 0x0000000084500000, 0x0000000084500000|100%| O|  |TAMS 0x0000000084400000| PB 0x0000000084400000| Untracked 
|  69|0x0000000084500000, 0x0000000084600000, 0x0000000084600000|100%| O|  |TAMS 0x0000000084500000| PB 0x0000000084500000| Untracked 
|  70|0x0000000084600000, 0x0000000084700000, 0x0000000084700000|100%| O|  |TAMS 0x0000000084600000| PB 0x0000000084600000| Untracked 
|  71|0x0000000084700000, 0x0000000084800000, 0x0000000084800000|100%| O|  |TAMS 0x0000000084700000| PB 0x0000000084700000| Untracked 
|  72|0x0000000084800000, 0x0000000084900000, 0x0000000084900000|100%| O|  |TAMS 0x0000000084800000| PB 0x0000000084800000| Untracked 
|  73|0x0000000084900000, 0x0000000084a00000, 0x0000000084a00000|100%| O|  |TAMS 0x0000000084900000| PB 0x0000000084900000| Untracked 
|  74|0x0000000084a00000, 0x0000000084b00000, 0x0000000084b00000|100%| O|  |TAMS 0x0000000084a00000| PB 0x0000000084a00000| Untracked 
|  75|0x0000000084b00000, 0x0000000084c00000, 0x0000000084c00000|100%| O|Cm|TAMS 0x0000000084b00000| PB 0x0000000084b00000| Complete 
|  76|0x0000000084c00000, 0x0000000084d00000, 0x0000000084d00000|100%| O|  |TAMS 0x0000000084c00000| PB 0x0000000084c00000| Untracked 
|  77|0x0000000084d00000, 0x0000000084e00000, 0x0000000084e00000|100%| O|  |TAMS 0x0000000084d00000| PB 0x0000000084d00000| Untracked 
|  78|0x0000000084e00000, 0x0000000084f00000, 0x0000000084f00000|100%| O|  |TAMS 0x0000000084e00000| PB 0x0000000084e00000| Untracked 
|  79|0x0000000084f00000, 0x0000000085000000, 0x0000000085000000|100%| O|  |TAMS 0x0000000084f00000| PB 0x0000000084f00000| Untracked 
|  80|0x0000000085000000, 0x0000000085100000, 0x0000000085100000|100%| O|  |TAMS 0x0000000085000000| PB 0x0000000085000000| Untracked 
|  81|0x0000000085100000, 0x0000000085200000, 0x0000000085200000|100%| O|  |TAMS 0x0000000085100000| PB 0x0000000085100000| Untracked 
|  82|0x0000000085200000, 0x0000000085300000, 0x0000000085300000|100%| O|  |TAMS 0x0000000085200000| PB 0x0000000085200000| Untracked 
|  83|0x0000000085300000, 0x0000000085400000, 0x0000000085400000|100%| O|  |TAMS 0x0000000085300000| PB 0x0000000085300000| Untracked 
|  84|0x0000000085400000, 0x0000000085500000, 0x0000000085500000|100%| O|  |TAMS 0x0000000085400000| PB 0x0000000085400000| Untracked 
|  85|0x0000000085500000, 0x0000000085600000, 0x0000000085600000|100%| O|  |TAMS 0x0000000085500000| PB 0x0000000085500000| Untracked 
|  86|0x0000000085600000, 0x0000000085700000, 0x0000000085700000|100%| O|Cm|TAMS 0x0000000085600000| PB 0x0000000085600000| Complete 
|  87|0x0000000085700000, 0x0000000085800000, 0x0000000085800000|100%| O|  |TAMS 0x0000000085700000| PB 0x0000000085700000| Untracked 
|  88|0x0000000085800000, 0x0000000085900000, 0x0000000085900000|100%| O|  |TAMS 0x0000000085800000| PB 0x0000000085800000| Untracked 
|  89|0x0000000085900000, 0x0000000085a00000, 0x0000000085a00000|100%| O|  |TAMS 0x0000000085900000| PB 0x0000000085900000| Untracked 
|  90|0x0000000085a00000, 0x0000000085b00000, 0x0000000085b00000|100%| O|  |TAMS 0x0000000085a00000| PB 0x0000000085a00000| Untracked 
|  91|0x0000000085b00000, 0x0000000085c00000, 0x0000000085c00000|100%| O|  |TAMS 0x0000000085b00000| PB 0x0000000085b00000| Untracked 
|  92|0x0000000085c00000, 0x0000000085c00000, 0x0000000085d00000|  0%| F|  |TAMS 0x0000000085c00000| PB 0x0000000085c00000| Untracked 
|  93|0x0000000085d00000, 0x0000000085d00000, 0x0000000085e00000|  0%| F|  |TAMS 0x0000000085d00000| PB 0x0000000085d00000| Untracked 
|  94|0x0000000085e00000, 0x0000000085e00000, 0x0000000085f00000|  0%| F|  |TAMS 0x0000000085e00000| PB 0x0000000085e00000| Untracked 
|  95|0x0000000085f00000, 0x0000000086000000, 0x0000000086000000|100%| O|  |TAMS 0x0000000085f00000| PB 0x0000000085f00000| Untracked 
|  96|0x0000000086000000, 0x0000000086100000, 0x0000000086100000|100%| O|  |TAMS 0x0000000086000000| PB 0x0000000086000000| Untracked 
|  97|0x0000000086100000, 0x0000000086200000, 0x0000000086200000|100%| O|  |TAMS 0x0000000086100000| PB 0x0000000086100000| Untracked 
|  98|0x0000000086200000, 0x0000000086300000, 0x0000000086300000|100%| O|  |TAMS 0x0000000086200000| PB 0x0000000086200000| Untracked 
|  99|0x0000000086300000, 0x0000000086300000, 0x0000000086400000|  0%| F|  |TAMS 0x0000000086300000| PB 0x0000000086300000| Untracked 
| 100|0x0000000086400000, 0x0000000086400000, 0x0000000086500000|  0%| F|  |TAMS 0x0000000086400000| PB 0x0000000086400000| Untracked 
| 101|0x0000000086500000, 0x0000000086500000, 0x0000000086600000|  0%| F|  |TAMS 0x0000000086500000| PB 0x0000000086500000| Untracked 
| 102|0x0000000086600000, 0x0000000086600000, 0x0000000086700000|  0%| F|  |TAMS 0x0000000086600000| PB 0x0000000086600000| Untracked 
| 103|0x0000000086700000, 0x0000000086700000, 0x0000000086800000|  0%| F|  |TAMS 0x0000000086700000| PB 0x0000000086700000| Untracked 
| 104|0x0000000086800000, 0x0000000086800000, 0x0000000086900000|  0%| F|  |TAMS 0x0000000086800000| PB 0x0000000086800000| Untracked 
| 105|0x0000000086900000, 0x0000000086900000, 0x0000000086a00000|  0%| F|  |TAMS 0x0000000086900000| PB 0x0000000086900000| Untracked 
| 106|0x0000000086a00000, 0x0000000086a00000, 0x0000000086b00000|  0%| F|  |TAMS 0x0000000086a00000| PB 0x0000000086a00000| Untracked 
| 107|0x0000000086b00000, 0x0000000086b00000, 0x0000000086c00000|  0%| F|  |TAMS 0x0000000086b00000| PB 0x0000000086b00000| Untracked 
| 108|0x0000000086c00000, 0x0000000086c00000, 0x0000000086d00000|  0%| F|  |TAMS 0x0000000086c00000| PB 0x0000000086c00000| Untracked 
| 109|0x0000000086d00000, 0x0000000086d00000, 0x0000000086e00000|  0%| F|  |TAMS 0x0000000086d00000| PB 0x0000000086d00000| Untracked 
| 110|0x0000000086e00000, 0x0000000086e00000, 0x0000000086f00000|  0%| F|  |TAMS 0x0000000086e00000| PB 0x0000000086e00000| Untracked 
| 111|0x0000000086f00000, 0x0000000086f00000, 0x0000000087000000|  0%| F|  |TAMS 0x0000000086f00000| PB 0x0000000086f00000| Untracked 
| 112|0x0000000087000000, 0x0000000087000000, 0x0000000087100000|  0%| F|  |TAMS 0x0000000087000000| PB 0x0000000087000000| Untracked 
| 113|0x0000000087100000, 0x0000000087100000, 0x0000000087200000|  0%| F|  |TAMS 0x0000000087100000| PB 0x0000000087100000| Untracked 
| 114|0x0000000087200000, 0x0000000087200000, 0x0000000087300000|  0%| F|  |TAMS 0x0000000087200000| PB 0x0000000087200000| Untracked 
| 115|0x0000000087300000, 0x0000000087300000, 0x0000000087400000|  0%| F|  |TAMS 0x0000000087300000| PB 0x0000000087300000| Untracked 
| 116|0x0000000087400000, 0x0000000087400000, 0x0000000087500000|  0%| F|  |TAMS 0x0000000087400000| PB 0x0000000087400000| Untracked 
| 117|0x0000000087500000, 0x0000000087500000, 0x0000000087600000|  0%| F|  |TAMS 0x0000000087500000| PB 0x0000000087500000| Untracked 
| 118|0x0000000087600000, 0x0000000087700000, 0x0000000087700000|100%| O|  |TAMS 0x0000000087600000| PB 0x0000000087600000| Untracked 
| 119|0x0000000087700000, 0x0000000087800000, 0x0000000087800000|100%| O|  |TAMS 0x0000000087700000| PB 0x0000000087700000| Untracked 
| 120|0x0000000087800000, 0x0000000087900000, 0x0000000087900000|100%| O|  |TAMS 0x0000000087800000| PB 0x0000000087800000| Untracked 
| 121|0x0000000087900000, 0x0000000087a00000, 0x0000000087a00000|100%| O|  |TAMS 0x0000000087900000| PB 0x0000000087900000| Untracked 
| 122|0x0000000087a00000, 0x0000000087b00000, 0x0000000087b00000|100%| O|  |TAMS 0x0000000087a00000| PB 0x0000000087a00000| Untracked 
| 123|0x0000000087b00000, 0x0000000087c00000, 0x0000000087c00000|100%| O|  |TAMS 0x0000000087b00000| PB 0x0000000087b00000| Untracked 
| 124|0x0000000087c00000, 0x0000000087d00000, 0x0000000087d00000|100%| O|  |TAMS 0x0000000087c00000| PB 0x0000000087c00000| Untracked 
| 125|0x0000000087d00000, 0x0000000087e00000, 0x0000000087e00000|100%| O|  |TAMS 0x0000000087d00000| PB 0x0000000087d00000| Untracked 
| 126|0x0000000087e00000, 0x0000000087e00000, 0x0000000087f00000|  0%| F|  |TAMS 0x0000000087e00000| PB 0x0000000087e00000| Untracked 
| 127|0x0000000087f00000, 0x0000000087f00000, 0x0000000088000000|  0%| F|  |TAMS 0x0000000087f00000| PB 0x0000000087f00000| Untracked 
| 128|0x0000000088000000, 0x0000000088000000, 0x0000000088100000|  0%| F|  |TAMS 0x0000000088000000| PB 0x0000000088000000| Untracked 
| 129|0x0000000088100000, 0x0000000088100000, 0x0000000088200000|  0%| F|  |TAMS 0x0000000088100000| PB 0x0000000088100000| Untracked 
| 130|0x0000000088200000, 0x0000000088200000, 0x0000000088300000|  0%| F|  |TAMS 0x0000000088200000| PB 0x0000000088200000| Untracked 
| 131|0x0000000088300000, 0x0000000088300000, 0x0000000088400000|  0%| F|  |TAMS 0x0000000088300000| PB 0x0000000088300000| Untracked 
| 132|0x0000000088400000, 0x0000000088400000, 0x0000000088500000|  0%| F|  |TAMS 0x0000000088400000| PB 0x0000000088400000| Untracked 
| 133|0x0000000088500000, 0x0000000088500000, 0x0000000088600000|  0%| F|  |TAMS 0x0000000088500000| PB 0x0000000088500000| Untracked 
| 134|0x0000000088600000, 0x0000000088600000, 0x0000000088700000|  0%| F|  |TAMS 0x0000000088600000| PB 0x0000000088600000| Untracked 
| 135|0x0000000088700000, 0x0000000088700000, 0x0000000088800000|  0%| F|  |TAMS 0x0000000088700000| PB 0x0000000088700000| Untracked 
| 136|0x0000000088800000, 0x0000000088800000, 0x0000000088900000|  0%| F|  |TAMS 0x0000000088800000| PB 0x0000000088800000| Untracked 
| 137|0x0000000088900000, 0x0000000088900000, 0x0000000088a00000|  0%| F|  |TAMS 0x0000000088900000| PB 0x0000000088900000| Untracked 
| 138|0x0000000088a00000, 0x0000000088b00000, 0x0000000088b00000|100%| S|CS|TAMS 0x0000000088a00000| PB 0x0000000088a00000| Complete 
| 139|0x0000000088b00000, 0x0000000088c00000, 0x0000000088c00000|100%| S|CS|TAMS 0x0000000088b00000| PB 0x0000000088b00000| Complete 
| 140|0x0000000088c00000, 0x0000000088d00000, 0x0000000088d00000|100%| S|CS|TAMS 0x0000000088c00000| PB 0x0000000088c00000| Complete 
| 141|0x0000000088d00000, 0x0000000088e00000, 0x0000000088e00000|100%| S|CS|TAMS 0x0000000088d00000| PB 0x0000000088d00000| Complete 
| 142|0x0000000088e00000, 0x0000000088f00000, 0x0000000088f00000|100%| S|CS|TAMS 0x0000000088e00000| PB 0x0000000088e00000| Complete 
| 143|0x0000000088f00000, 0x0000000088f00000, 0x0000000089000000|  0%| F|  |TAMS 0x0000000088f00000| PB 0x0000000088f00000| Untracked 
| 144|0x0000000089000000, 0x0000000089000000, 0x0000000089100000|  0%| F|  |TAMS 0x0000000089000000| PB 0x0000000089000000| Untracked 
| 145|0x0000000089100000, 0x0000000089100000, 0x0000000089200000|  0%| F|  |TAMS 0x0000000089100000| PB 0x0000000089100000| Untracked 
| 146|0x0000000089200000, 0x0000000089200000, 0x0000000089300000|  0%| F|  |TAMS 0x0000000089200000| PB 0x0000000089200000| Untracked 
| 147|0x0000000089300000, 0x0000000089300000, 0x0000000089400000|  0%| F|  |TAMS 0x0000000089300000| PB 0x0000000089300000| Untracked 
| 148|0x0000000089400000, 0x0000000089400000, 0x0000000089500000|  0%| F|  |TAMS 0x0000000089400000| PB 0x0000000089400000| Untracked 
| 149|0x0000000089500000, 0x0000000089500000, 0x0000000089600000|  0%| F|  |TAMS 0x0000000089500000| PB 0x0000000089500000| Untracked 
| 150|0x0000000089600000, 0x0000000089600000, 0x0000000089700000|  0%| F|  |TAMS 0x0000000089600000| PB 0x0000000089600000| Untracked 
| 151|0x0000000089700000, 0x0000000089700000, 0x0000000089800000|  0%| F|  |TAMS 0x0000000089700000| PB 0x0000000089700000| Untracked 
| 152|0x0000000089800000, 0x0000000089800000, 0x0000000089900000|  0%| F|  |TAMS 0x0000000089800000| PB 0x0000000089800000| Untracked 
| 153|0x0000000089900000, 0x0000000089900000, 0x0000000089a00000|  0%| F|  |TAMS 0x0000000089900000| PB 0x0000000089900000| Untracked 
| 154|0x0000000089a00000, 0x0000000089a00000, 0x0000000089b00000|  0%| F|  |TAMS 0x0000000089a00000| PB 0x0000000089a00000| Untracked 
| 155|0x0000000089b00000, 0x0000000089b00000, 0x0000000089c00000|  0%| F|  |TAMS 0x0000000089b00000| PB 0x0000000089b00000| Untracked 
| 156|0x0000000089c00000, 0x0000000089c00000, 0x0000000089d00000|  0%| F|  |TAMS 0x0000000089c00000| PB 0x0000000089c00000| Untracked 
| 157|0x0000000089d00000, 0x0000000089d00000, 0x0000000089e00000|  0%| F|  |TAMS 0x0000000089d00000| PB 0x0000000089d00000| Untracked 
| 158|0x0000000089e00000, 0x0000000089e7e888, 0x0000000089f00000| 49%| E|  |TAMS 0x0000000089e00000| PB 0x0000000089e00000| Complete 
| 159|0x0000000089f00000, 0x000000008a000000, 0x000000008a000000|100%| E|CS|TAMS 0x0000000089f00000| PB 0x0000000089f00000| Complete 
| 160|0x000000008a000000, 0x000000008a100000, 0x000000008a100000|100%| E|CS|TAMS 0x000000008a000000| PB 0x000000008a000000| Complete 
| 161|0x000000008a100000, 0x000000008a200000, 0x000000008a200000|100%| E|CS|TAMS 0x000000008a100000| PB 0x000000008a100000| Complete 
| 162|0x000000008a200000, 0x000000008a300000, 0x000000008a300000|100%| E|CS|TAMS 0x000000008a200000| PB 0x000000008a200000| Complete 
| 163|0x000000008a300000, 0x000000008a400000, 0x000000008a400000|100%| E|CS|TAMS 0x000000008a300000| PB 0x000000008a300000| Complete 
| 164|0x000000008a400000, 0x000000008a500000, 0x000000008a500000|100%| E|CS|TAMS 0x000000008a400000| PB 0x000000008a400000| Complete 
| 212|0x000000008d400000, 0x000000008d500000, 0x000000008d500000|100%| E|CS|TAMS 0x000000008d400000| PB 0x000000008d400000| Complete 
| 213|0x000000008d500000, 0x000000008d600000, 0x000000008d600000|100%| E|CS|TAMS 0x000000008d500000| PB 0x000000008d500000| Complete 
| 214|0x000000008d600000, 0x000000008d700000, 0x000000008d700000|100%| E|  |TAMS 0x000000008d600000| PB 0x000000008d600000| Complete 
| 215|0x000000008d700000, 0x000000008d800000, 0x000000008d800000|100%| E|CS|TAMS 0x000000008d700000| PB 0x000000008d700000| Complete 
| 216|0x000000008d800000, 0x000000008d900000, 0x000000008d900000|100%| E|CS|TAMS 0x000000008d800000| PB 0x000000008d800000| Complete 
| 217|0x000000008d900000, 0x000000008da00000, 0x000000008da00000|100%| E|CS|TAMS 0x000000008d900000| PB 0x000000008d900000| Complete 
| 218|0x000000008da00000, 0x000000008db00000, 0x000000008db00000|100%| E|CS|TAMS 0x000000008da00000| PB 0x000000008da00000| Complete 
| 219|0x000000008db00000, 0x000000008dc00000, 0x000000008dc00000|100%| E|CS|TAMS 0x000000008db00000| PB 0x000000008db00000| Complete 
| 220|0x000000008dc00000, 0x000000008dd00000, 0x000000008dd00000|100%| E|CS|TAMS 0x000000008dc00000| PB 0x000000008dc00000| Complete 
| 243|0x000000008f300000, 0x000000008f400000, 0x000000008f400000|100%| E|CS|TAMS 0x000000008f300000| PB 0x000000008f300000| Complete 
|2039|0x00000000ff700000, 0x00000000ff800000, 0x00000000ff800000|100%| O|  |TAMS 0x00000000ff700000| PB 0x00000000ff700000| Untracked 
|2040|0x00000000ff800000, 0x00000000ff900000, 0x00000000ff900000|100%| O|  |TAMS 0x00000000ff800000| PB 0x00000000ff800000| Untracked 
|2041|0x00000000ff900000, 0x00000000ffa00000, 0x00000000ffa00000|100%| O|  |TAMS 0x00000000ff900000| PB 0x00000000ff900000| Untracked 
|2042|0x00000000ffa00000, 0x00000000ffb00000, 0x00000000ffb00000|100%| O|  |TAMS 0x00000000ffa00000| PB 0x00000000ffa00000| Untracked 
|2043|0x00000000ffb00000, 0x00000000ffc00000, 0x00000000ffc00000|100%| O|  |TAMS 0x00000000ffb00000| PB 0x00000000ffb00000| Untracked 
|2044|0x00000000ffc00000, 0x00000000ffd00000, 0x00000000ffd00000|100%| O|  |TAMS 0x00000000ffc00000| PB 0x00000000ffc00000| Untracked 
|2045|0x00000000ffd00000, 0x00000000ffe00000, 0x00000000ffe00000|100%| O|  |TAMS 0x00000000ffd00000| PB 0x00000000ffd00000| Untracked 
|2046|0x00000000ffe00000, 0x00000000fff00000, 0x00000000fff00000|100%| O|  |TAMS 0x00000000ffe00000| PB 0x00000000ffe00000| Untracked 
|2047|0x00000000fff00000, 0x0000000100000000, 0x0000000100000000|100%| O|  |TAMS 0x00000000fff00000| PB 0x00000000fff00000| Untracked 

Card table byte_map: [0x00000252f95c0000,0x00000252f99c0000] _byte_map_base: 0x00000252f91c0000

Marking Bits: (CMBitMap*) 0x00000252f5b65b20
 Bits: [0x00000252f99c0000, 0x00000252fb9c0000)

Polling page: 0x00000252f3980000

Metaspace:

Usage:
  Non-class:     96.79 MB used.
      Class:     15.15 MB used.
       Both:    111.94 MB used.

Virtual space:
  Non-class space:      128.00 MB reserved,      97.88 MB ( 76%) committed,  2 nodes.
      Class space:        1.00 GB reserved,      16.19 MB (  2%) committed,  1 nodes.
             Both:        1.12 GB reserved,     114.06 MB ( 10%) committed. 

Chunk freelists:
   Non-Class:  13.70 MB
       Class:  15.75 MB
        Both:  29.45 MB

MaxMetaspaceSize: unlimited
CompressedClassSpaceSize: 1.00 GB
Initial GC threshold: 21.00 MB
Current GC threshold: 185.88 MB
CDS: off
 - commit_granule_bytes: 65536.
 - commit_granule_words: 8192.
 - virtual_space_node_default_size: 8388608.
 - enlarge_chunks_in_place: 1.
 - use_allocation_guard: 0.


Internal statistics:

num_allocs_failed_limit: 6.
num_arena_births: 4258.
num_arena_deaths: 0.
num_vsnodes_births: 3.
num_vsnodes_deaths: 0.
num_space_committed: 1824.
num_space_uncommitted: 0.
num_chunks_returned_to_freelist: 6.
num_chunks_taken_from_freelist: 8995.
num_chunk_merges: 6.
num_chunk_splits: 5864.
num_chunks_enlarged: 3678.
num_inconsistent_stats: 0.

CodeHeap 'non-profiled nmethods': size=120000Kb used=7341Kb max_used=7341Kb free=112658Kb
 bounds [0x0000025287ad0000, 0x0000025288200000, 0x000002528f000000]
CodeHeap 'profiled nmethods': size=120000Kb used=20439Kb max_used=20439Kb free=99560Kb
 bounds [0x0000025280000000, 0x0000025281400000, 0x0000025287530000]
CodeHeap 'non-nmethods': size=5760Kb used=2190Kb max_used=2245Kb free=3569Kb
 bounds [0x0000025287530000, 0x00000252877a0000, 0x0000025287ad0000]
 total_blobs=12151 nmethods=11241 adapters=814
 compilation: enabled
              stopped_count=0, restarted_count=0
 full_count=0

Compilation events (20 events):
Event: 34.076 Thread 0x00000252fe7689b0 13456       3       java.lang.ThreadLocal$ThreadLocalMap$Entry::<init> (11 bytes)
Event: 34.077 Thread 0x00000252fe7689b0 nmethod 13456 0x00000252813f1c10 code [0x00000252813f1de0, 0x00000252813f21b0]
Event: 34.077 Thread 0x00000252fe7689b0 13454       3       java.lang.Thread::threadState (11 bytes)
Event: 34.077 Thread 0x00000252fe7689b0 nmethod 13454 0x00000252813f2310 code [0x00000252813f24c0, 0x00000252813f2600]
Event: 34.077 Thread 0x00000252fe7689b0 13455       3       jdk.internal.misc.VM::toThreadState (68 bytes)
Event: 34.077 Thread 0x00000252fe7689b0 nmethod 13455 0x00000252813f2710 code [0x00000252813f2900, 0x00000252813f2c60]
Event: 34.077 Thread 0x00000252fe7689b0 13457       2       org.gradle.tooling.internal.provider.runner.ClientBuildEventGenerator::finished (128 bytes)
Event: 34.078 Thread 0x00000252fe7689b0 nmethod 13457 0x00000252813f2d10 code [0x00000252813f2f80, 0x00000252813f3480]
Event: 34.078 Thread 0x00000252fe7689b0 13458       3       org.gradle.tooling.internal.provider.runner.ClientForwardingBuildOperationListener::finished (96 bytes)
Event: 34.078 Thread 0x00000252fe7689b0 nmethod 13458 0x00000252813f3710 code [0x00000252813f3a40, 0x00000252813f4d58]
Event: 34.129 Thread 0x00000252fe7689b0 13459       3       org.gradle.internal.execution.steps.WorkspaceResult::lambda$getOutputAs$0 (11 bytes)
Event: 34.129 Thread 0x00000252fe7689b0 nmethod 13459 0x00000252813f5410 code [0x00000252813f55c0, 0x00000252813f5798]
Event: 34.147 Thread 0x00000252fe7689b0 13460       3       java.nio.ByteBuffer::<init> (14 bytes)
Event: 34.147 Thread 0x00000252fe7689b0 nmethod 13460 0x00000252813f5890 code [0x00000252813f5a40, 0x00000252813f5b90]
Event: 34.147 Thread 0x00000252fe7689b0 13461       3       java.nio.MappedByteBuffer::limit (6 bytes)
Event: 34.148 Thread 0x00000252fe7689b0 nmethod 13461 0x00000252813f5c90 code [0x00000252813f5e40, 0x00000252813f6050]
Event: 34.148 Thread 0x00000252fe7689b0 13462       3       java.nio.MappedByteBuffer::position (6 bytes)
Event: 34.148 Thread 0x00000252fe7689b0 nmethod 13462 0x00000252813f6190 code [0x00000252813f6340, 0x00000252813f6550]
Event: 34.149 Thread 0x00000252fe7689b0 13463       3       org.gradle.internal.execution.steps.WorkspaceResult$$Lambda/0x0000000100658948::apply (12 bytes)
Event: 34.149 Thread 0x00000252fe7689b0 nmethod 13463 0x00000252813f6690 code [0x00000252813f6860, 0x00000252813f6ba0]

GC Heap History (20 events):
Event: 22.834 GC heap before
{Heap before GC invocations=41 (full 0):
 garbage-first heap   total 135168K, used 112572K [0x0000000080000000, 0x0000000100000000)
  region size 1024K, 34 young (34816K), 2 survivors (2048K)
 Metaspace       used 93983K, committed 96000K, reserved 1179648K
  class space    used 12710K, committed 13760K, reserved 1048576K
}
Event: 22.836 GC heap after
{Heap after GC invocations=42 (full 0):
 garbage-first heap   total 135168K, used 79301K [0x0000000080000000, 0x0000000100000000)
  region size 1024K, 3 young (3072K), 3 survivors (3072K)
 Metaspace       used 93983K, committed 96000K, reserved 1179648K
  class space    used 12710K, committed 13760K, reserved 1048576K
}
Event: 23.216 GC heap before
{Heap before GC invocations=42 (full 0):
 garbage-first heap   total 135168K, used 122309K [0x0000000080000000, 0x0000000100000000)
  region size 1024K, 45 young (46080K), 3 survivors (3072K)
 Metaspace       used 97380K, committed 99456K, reserved 1179648K
  class space    used 13252K, committed 14272K, reserved 1048576K
}
Event: 23.219 GC heap after
{Heap after GC invocations=43 (full 0):
 garbage-first heap   total 135168K, used 79567K [0x0000000080000000, 0x0000000100000000)
  region size 1024K, 5 young (5120K), 5 survivors (5120K)
 Metaspace       used 97380K, committed 99456K, reserved 1179648K
  class space    used 13252K, committed 14272K, reserved 1048576K
}
Event: 23.601 GC heap before
{Heap before GC invocations=43 (full 0):
 garbage-first heap   total 135168K, used 120527K [0x0000000080000000, 0x0000000100000000)
  region size 1024K, 45 young (46080K), 5 survivors (5120K)
 Metaspace       used 100608K, committed 102720K, reserved 1179648K
  class space    used 13719K, committed 14784K, reserved 1048576K
}
Event: 23.605 GC heap after
{Heap after GC invocations=44 (full 0):
 garbage-first heap   total 135168K, used 82435K [0x0000000080000000, 0x0000000100000000)
  region size 1024K, 6 young (6144K), 6 survivors (6144K)
 Metaspace       used 100608K, committed 102720K, reserved 1179648K
  class space    used 13719K, committed 14784K, reserved 1048576K
}
Event: 24.257 GC heap before
{Heap before GC invocations=45 (full 0):
 garbage-first heap   total 138240K, used 120323K [0x0000000080000000, 0x0000000100000000)
  region size 1024K, 43 young (44032K), 6 survivors (6144K)
 Metaspace       used 104332K, committed 106496K, reserved 1179648K
  class space    used 14284K, committed 15360K, reserved 1048576K
}
Event: 24.261 GC heap after
{Heap after GC invocations=46 (full 0):
 garbage-first heap   total 138240K, used 84073K [0x0000000080000000, 0x0000000100000000)
  region size 1024K, 5 young (5120K), 5 survivors (5120K)
 Metaspace       used 104332K, committed 106496K, reserved 1179648K
  class space    used 14284K, committed 15360K, reserved 1048576K
}
Event: 24.678 GC heap before
{Heap before GC invocations=46 (full 0):
 garbage-first heap   total 138240K, used 122985K [0x0000000080000000, 0x0000000100000000)
  region size 1024K, 44 young (45056K), 5 survivors (5120K)
 Metaspace       used 107465K, committed 109696K, reserved 1179648K
  class space    used 14790K, committed 15936K, reserved 1048576K
}
Event: 24.683 GC heap after
{Heap after GC invocations=47 (full 0):
 garbage-first heap   total 138240K, used 85967K [0x0000000080000000, 0x0000000100000000)
  region size 1024K, 5 young (5120K), 5 survivors (5120K)
 Metaspace       used 107465K, committed 109696K, reserved 1179648K
  class space    used 14790K, committed 15936K, reserved 1048576K
}
Event: 26.837 GC heap before
{Heap before GC invocations=47 (full 0):
 garbage-first heap   total 138240K, used 122831K [0x0000000080000000, 0x0000000100000000)
  region size 1024K, 42 young (43008K), 5 survivors (5120K)
 Metaspace       used 108220K, committed 110400K, reserved 1179648K
  class space    used 14873K, committed 16000K, reserved 1048576K
}
Event: 26.842 GC heap after
{Heap after GC invocations=48 (full 0):
 garbage-first heap   total 138240K, used 90379K [0x0000000080000000, 0x0000000100000000)
  region size 1024K, 6 young (6144K), 6 survivors (6144K)
 Metaspace       used 108220K, committed 110400K, reserved 1179648K
  class space    used 14873K, committed 16000K, reserved 1048576K
}
Event: 29.645 GC heap before
{Heap before GC invocations=49 (full 0):
 garbage-first heap   total 152576K, used 123147K [0x0000000080000000, 0x0000000100000000)
  region size 1024K, 38 young (38912K), 6 survivors (6144K)
 Metaspace       used 108220K, committed 110400K, reserved 1179648K
  class space    used 14873K, committed 16000K, reserved 1048576K
}
Event: 29.650 GC heap after
{Heap after GC invocations=50 (full 0):
 garbage-first heap   total 152576K, used 92562K [0x0000000080000000, 0x0000000100000000)
  region size 1024K, 4 young (4096K), 4 survivors (4096K)
 Metaspace       used 108220K, committed 110400K, reserved 1179648K
  class space    used 14873K, committed 16000K, reserved 1048576K
}
Event: 32.863 GC heap before
{Heap before GC invocations=50 (full 0):
 garbage-first heap   total 152576K, used 146834K [0x0000000080000000, 0x0000000100000000)
  region size 1024K, 50 young (51200K), 4 survivors (4096K)
 Metaspace       used 110395K, committed 112512K, reserved 1179648K
  class space    used 15051K, committed 16128K, reserved 1048576K
}
Event: 32.867 GC heap after
{Heap after GC invocations=51 (full 0):
 garbage-first heap   total 156672K, used 96586K [0x0000000080000000, 0x0000000100000000)
  region size 1024K, 6 young (6144K), 6 survivors (6144K)
 Metaspace       used 110395K, committed 112512K, reserved 1179648K
  class space    used 15051K, committed 16128K, reserved 1048576K
}
Event: 33.404 GC heap before
{Heap before GC invocations=51 (full 0):
 garbage-first heap   total 156672K, used 139594K [0x0000000080000000, 0x0000000100000000)
  region size 1024K, 49 young (50176K), 6 survivors (6144K)
 Metaspace       used 111936K, committed 114176K, reserved 1179648K
  class space    used 15224K, committed 16384K, reserved 1048576K
}
Event: 33.411 GC heap after
{Heap after GC invocations=52 (full 0):
 garbage-first heap   total 165888K, used 111761K [0x0000000080000000, 0x0000000100000000)
  region size 1024K, 7 young (7168K), 7 survivors (7168K)
 Metaspace       used 111936K, committed 114176K, reserved 1179648K
  class space    used 15224K, committed 16384K, reserved 1048576K
}
Event: 33.901 GC heap before
{Heap before GC invocations=53 (full 0):
 garbage-first heap   total 188416K, used 158865K [0x0000000080000000, 0x0000000100000000)
  region size 1024K, 39 young (39936K), 7 survivors (7168K)
 Metaspace       used 114219K, committed 116480K, reserved 1179648K
  class space    used 15466K, committed 16576K, reserved 1048576K
}
Event: 33.908 GC heap after
{Heap after GC invocations=54 (full 0):
 garbage-first heap   total 188416K, used 120832K [0x0000000080000000, 0x0000000100000000)
  region size 1024K, 5 young (5120K), 5 survivors (5120K)
 Metaspace       used 114219K, committed 116480K, reserved 1179648K
  class space    used 15466K, committed 16576K, reserved 1048576K
}

Dll operation events (3 events):
Event: 0.008 Loaded shared library E:\Apps\Andriod Studio\jbr\bin\java.dll
Event: 0.013 Loaded shared library E:\Apps\Andriod Studio\jbr\bin\zip.dll
Event: 0.374 Loaded shared library E:\Apps\Andriod Studio\jbr\bin\verify.dll

Deoptimization events (20 events):
Event: 33.992 Thread 0x0000025293713540 Uncommon trap: trap_request=0xffffffde fr.pc=0x00000252881cef34 relative=0x00000000000004f4
Event: 33.992 Thread 0x0000025293713540 Uncommon trap: reason=class_check action=maybe_recompile pc=0x00000252881cef34 method=com.sun.org.apache.xerces.internal.dom.AttrImpl.getValue()Ljava/lang/String; @ 19 c2
Event: 33.992 Thread 0x0000025293713540 DEOPT PACKING pc=0x00000252881cef34 sp=0x0000009788dfdd70
Event: 33.992 Thread 0x0000025293713540 DEOPT UNPACKING pc=0x00000252875846a2 sp=0x0000009788dfdd50 mode 2
Event: 33.992 Thread 0x0000025293713540 Uncommon trap: trap_request=0xffffffc6 fr.pc=0x00000252881c6f80 relative=0x0000000000000320
Event: 33.992 Thread 0x0000025293713540 Uncommon trap: reason=bimorphic_or_optimized_type_check action=maybe_recompile pc=0x00000252881c6f80 method=com.sun.org.apache.xerces.internal.dom.ElementImpl.getAttributes()Lorg/w3c/dom/NamedNodeMap; @ 8 c2
Event: 33.992 Thread 0x0000025293713540 DEOPT PACKING pc=0x00000252881c6f80 sp=0x0000009788dfdcf0
Event: 33.992 Thread 0x0000025293713540 DEOPT UNPACKING pc=0x00000252875846a2 sp=0x0000009788dfdcd0 mode 2
Event: 33.992 Thread 0x0000025293713540 Uncommon trap: trap_request=0xffffffc6 fr.pc=0x00000252881c6f80 relative=0x0000000000000320
Event: 33.992 Thread 0x0000025293713540 Uncommon trap: reason=bimorphic_or_optimized_type_check action=maybe_recompile pc=0x00000252881c6f80 method=com.sun.org.apache.xerces.internal.dom.ElementImpl.getAttributes()Lorg/w3c/dom/NamedNodeMap; @ 8 c2
Event: 33.992 Thread 0x0000025293713540 DEOPT PACKING pc=0x00000252881c6f80 sp=0x0000009788dfdcf0
Event: 33.992 Thread 0x0000025293713540 DEOPT UNPACKING pc=0x00000252875846a2 sp=0x0000009788dfdcd0 mode 2
Event: 34.002 Thread 0x0000025293713540 Uncommon trap: trap_request=0xffffffde fr.pc=0x0000025287db7d88 relative=0x00000000000007a8
Event: 34.002 Thread 0x0000025293713540 Uncommon trap: reason=class_check action=maybe_recompile pc=0x0000025287db7d88 method=org.gradle.tooling.internal.provider.runner.ClientBuildEventGenerator.finished(Lorg/gradle/internal/operations/BuildOperationDescriptor;Lorg/gradle/internal/operations/O
Event: 34.002 Thread 0x0000025293713540 DEOPT PACKING pc=0x0000025287db7d88 sp=0x0000009788dfe340
Event: 34.002 Thread 0x0000025293713540 DEOPT UNPACKING pc=0x00000252875846a2 sp=0x0000009788dfe2f0 mode 2
Event: 34.002 Thread 0x0000025293713540 Uncommon trap: trap_request=0xffffffde fr.pc=0x0000025287db7d88 relative=0x00000000000007a8
Event: 34.002 Thread 0x0000025293713540 Uncommon trap: reason=class_check action=maybe_recompile pc=0x0000025287db7d88 method=org.gradle.tooling.internal.provider.runner.ClientBuildEventGenerator.finished(Lorg/gradle/internal/operations/BuildOperationDescriptor;Lorg/gradle/internal/operations/O
Event: 34.002 Thread 0x0000025293713540 DEOPT PACKING pc=0x0000025287db7d88 sp=0x0000009788dfe340
Event: 34.002 Thread 0x0000025293713540 DEOPT UNPACKING pc=0x00000252875846a2 sp=0x0000009788dfe2f0 mode 2

Classes loaded (20 events):
Event: 33.744 Loading class javax/xml/stream/events/EndElement done
Event: 33.744 Loading class com/sun/xml/internal/stream/events/EndElementEvent done
Event: 33.852 Loading class java/util/zip/ZipInputStream
Event: 33.853 Loading class java/util/zip/ZipInputStream done
Event: 33.853 Loading class java/nio/file/FileChannelLinesSpliterator
Event: 33.854 Loading class java/nio/file/FileChannelLinesSpliterator done
Event: 33.869 Loading class java/util/stream/Streams$1
Event: 33.869 Loading class java/util/stream/Streams$1 done
Event: 33.894 Loading class java/nio/file/FileChannelLinesSpliterator$1
Event: 33.894 Loading class java/nio/file/FileChannelLinesSpliterator$1 done
Event: 33.986 Loading class com/sun/org/apache/xerces/internal/util/URI
Event: 33.987 Loading class com/sun/org/apache/xerces/internal/util/URI done
Event: 33.988 Loading class java/net/HttpURLConnection
Event: 33.989 Loading class java/net/HttpURLConnection done
Event: 33.991 Loading class com/sun/org/apache/xerces/internal/dom/DeferredElementImpl
Event: 33.991 Loading class com/sun/org/apache/xerces/internal/dom/DeferredElementImpl done
Event: 33.992 Loading class com/sun/org/apache/xerces/internal/dom/DeferredAttrImpl
Event: 33.992 Loading class com/sun/org/apache/xerces/internal/dom/DeferredAttrImpl done
Event: 34.000 Loading class sun/nio/ch/ChannelOutputStream
Event: 34.000 Loading class sun/nio/ch/ChannelOutputStream done

Classes unloaded (0 events):
No events

Classes redefined (0 events):
No events

Internal exceptions (20 events):
Event: 24.620 Thread 0x0000025295107100 Exception <a 'java/lang/NoSuchMethodError'{0x00000000863b7708}: static Lcom/android/buildanalyzer/common/AndroidGradlePluginAttributionData$TaskInfo;.<clinit>()V> (0x00000000863b7708) 
thrown [s\src\hotspot\share\prims\jni.cpp, line 1139]
Event: 24.621 Thread 0x0000025295107100 Exception <a 'java/lang/NoSuchMethodError'{0x00000000863c4a18}: static Lcom/android/buildanalyzer/common/AndroidGradlePluginAttributionData$TaskCategoryInfo;.<clinit>()V> (0x00000000863c4a18) 
thrown [s\src\hotspot\share\prims\jni.cpp, line 1139]
Event: 24.632 Thread 0x0000025295794330 Exception <a 'sun/nio/fs/WindowsException'{0x0000000086396bf8}> (0x0000000086396bf8) 
thrown [s\src\hotspot\share\prims\jni.cpp, line 535]
Event: 24.650 Thread 0x00000252943b4c70 Exception <a 'java/lang/NoSuchMethodError'{0x0000000085ca9d98}: static Lorg/gradle/internal/build/event/types/DefaultTaskSkippedResult;.<clinit>()V> (0x0000000085ca9d98) 
thrown [s\src\hotspot\share\prims\jni.cpp, line 1139]
Event: 24.670 Thread 0x0000025295794330 Exception <a 'java/lang/IncompatibleClassChangeError'{0x0000000085b220e8}: Found class java.lang.Object, but interface was expected> (0x0000000085b220e8) 
thrown [s\src\hotspot\share\interpreter\linkResolver.cpp, line 851]
Event: 24.688 Thread 0x0000025295794330 Exception <a 'java/lang/NoSuchMethodError'{0x000000008f37bac0}: 'int java.lang.invoke.DirectMethodHandle$Holder.invokeStaticInit(java.lang.Object, java.lang.Object, java.lang.Object, java.lang.Object, java.lang.Object)'> (0x000000008f37bac0) 
thrown [s\src\hotspot\share\interpreter\linkResolver.cpp, line 784]
Event: 24.821 Thread 0x0000025295794330 Exception <a 'java/lang/NoSuchMethodError'{0x000000008dafc148}: 'int java.lang.invoke.DirectMethodHandle$Holder.invokeSpecial(java.lang.Object, java.lang.Object, int)'> (0x000000008dafc148) 
thrown [s\src\hotspot\share\interpreter\linkResolver.cpp, line 784]
Event: 32.612 Thread 0x0000025295794330 Exception <a 'sun/nio/fs/WindowsException'{0x0000000086d576d0}> (0x0000000086d576d0) 
thrown [s\src\hotspot\share\prims\jni.cpp, line 535]
Event: 32.666 Thread 0x0000025295794330 Exception <a 'sun/nio/fs/WindowsException'{0x0000000086bf1e78}> (0x0000000086bf1e78) 
thrown [s\src\hotspot\share\prims\jni.cpp, line 535]
Event: 32.667 Thread 0x0000025295794330 Exception <a 'sun/nio/fs/WindowsException'{0x0000000086bfac60}> (0x0000000086bfac60) 
thrown [s\src\hotspot\share\prims\jni.cpp, line 535]
Event: 33.110 Thread 0x0000025295794330 Implicit null exception at 0x000002528816904c to 0x00000252881692c4
Event: 33.110 Thread 0x0000025295794330 Implicit null exception at 0x000002528812a668 to 0x000002528812a6d8
Event: 33.382 Thread 0x0000025295794330 Implicit null exception at 0x0000025288178a83 to 0x0000025288178b24
Event: 33.628 Thread 0x0000025295794330 Exception <a 'java/lang/NoSuchMethodError'{0x000000008a26df30}: 'long java.lang.invoke.DirectMethodHandle$Holder.invokeSpecial(java.lang.Object, java.lang.Object, java.lang.Object, java.lang.Object, int)'> (0x000000008a26df30) 
thrown [s\src\hotspot\share\interpreter\linkResolver.cpp, line 784]
Event: 33.633 Thread 0x0000025295794330 Exception <a 'java/lang/NoSuchMethodError'{0x000000008a2a5a70}: static Lcom/android/ide/common/resources/CompileResourceRequest;.<clinit>()V> (0x000000008a2a5a70) 
thrown [s\src\hotspot\share\prims\jni.cpp, line 1139]
Event: 33.640 Thread 0x0000025295794330 Exception <a 'java/lang/NoSuchMethodError'{0x000000008a194b30}: static Lkotlin/InitializedLazyImpl;.<clinit>()V> (0x000000008a194b30) 
thrown [s\src\hotspot\share\prims\jni.cpp, line 1139]
Event: 33.681 Thread 0x0000025295798b60 Implicit null exception at 0x000002528813530f to 0x0000025288136fbc
Event: 33.681 Thread 0x0000025295798b60 Implicit null exception at 0x0000025288133535 to 0x0000025288133a74
Event: 33.702 Thread 0x0000025295798b60 Implicit null exception at 0x00000252881bfb9e to 0x00000252881c0170
Event: 33.705 Thread 0x0000025295798b60 Exception <a 'sun/nio/fs/WindowsException'{0x0000000089daff40}> (0x0000000089daff40) 
thrown [s\src\hotspot\share\prims\jni.cpp, line 535]

ZGC Phase Switch (0 events):
No events

VM Operations (20 events):
Event: 33.463 Executing VM operation: G1PauseRemark
Event: 33.468 Executing VM operation: G1PauseRemark done
Event: 33.493 Executing VM operation: G1PauseCleanup
Event: 33.493 Executing VM operation: G1PauseCleanup done
Event: 33.672 Executing VM operation: HandshakeAllThreads (Deoptimize)
Event: 33.672 Executing VM operation: HandshakeAllThreads (Deoptimize) done
Event: 33.785 Executing VM operation: HandshakeAllThreads (Deoptimize)
Event: 33.786 Executing VM operation: HandshakeAllThreads (Deoptimize) done
Event: 33.862 Executing VM operation: HandshakeAllThreads (Deoptimize)
Event: 33.862 Executing VM operation: HandshakeAllThreads (Deoptimize) done
Event: 33.863 Executing VM operation: HandshakeAllThreads (Deoptimize)
Event: 33.863 Executing VM operation: HandshakeAllThreads (Deoptimize) done
Event: 33.901 Executing VM operation: ICBufferFull
Event: 33.901 Executing VM operation: ICBufferFull done
Event: 33.901 Executing VM operation: G1CollectForAllocation (G1 Evacuation Pause)
Event: 33.909 Executing VM operation: G1CollectForAllocation (G1 Evacuation Pause) done
Event: 33.998 Executing VM operation: HandshakeAllThreads (Deoptimize)
Event: 33.998 Executing VM operation: HandshakeAllThreads (Deoptimize) done
Event: 35.013 Executing VM operation: Cleanup
Event: 35.013 Executing VM operation: Cleanup done

Memory protections (0 events):
No events

Nmethod flushes (20 events):
Event: 33.467 Thread 0x00000252fe66e880 flushing  nmethod 0x0000025280a41690
Event: 33.467 Thread 0x00000252fe66e880 flushing  nmethod 0x0000025280b4eb90
Event: 33.467 Thread 0x00000252fe66e880 flushing  nmethod 0x0000025280bcaf10
Event: 33.467 Thread 0x00000252fe66e880 flushing  nmethod 0x0000025280310d10
Event: 33.467 Thread 0x00000252fe66e880 flushing  nmethod 0x0000025280389f90
Event: 33.467 Thread 0x00000252fe66e880 flushing  nmethod 0x0000025280438a10
Event: 33.467 Thread 0x00000252fe66e880 flushing  nmethod 0x00000252804ccb90
Event: 33.467 Thread 0x00000252fe66e880 flushing  nmethod 0x00000252807a9a10
Event: 33.467 Thread 0x00000252fe66e880 flushing  nmethod 0x0000025280895c90
Event: 33.467 Thread 0x00000252fe66e880 flushing  nmethod 0x0000025280911390
Event: 33.467 Thread 0x00000252fe66e880 flushing  nmethod 0x0000025280a35e90
Event: 33.467 Thread 0x00000252fe66e880 flushing  nmethod 0x0000025280a36390
Event: 33.467 Thread 0x00000252fe66e880 flushing  nmethod 0x0000025280a39490
Event: 33.467 Thread 0x00000252fe66e880 flushing  nmethod 0x0000025280a8d710
Event: 33.467 Thread 0x00000252fe66e880 flushing  nmethod 0x0000025280a93e10
Event: 33.467 Thread 0x00000252fe66e880 flushing  nmethod 0x0000025280b75b10
Event: 33.467 Thread 0x00000252fe66e880 flushing  nmethod 0x0000025280c31110
Event: 33.467 Thread 0x00000252fe66e880 flushing  nmethod 0x0000025280c32590
Event: 33.467 Thread 0x00000252fe66e880 flushing  nmethod 0x0000025280d18090
Event: 33.467 Thread 0x00000252fe66e880 flushing  nmethod 0x0000025280f1f990

Events (20 events):
Event: 33.870 Thread 0x0000025295798b60 Thread added: 0x0000025293712820
Event: 33.871 Thread 0x0000025295798b60 Thread added: 0x0000025293716330
Event: 33.871 Thread 0x0000025295798b60 Thread added: 0x00000252937169c0
Event: 33.871 Thread 0x0000025295798b60 Thread added: 0x0000025293717050
Event: 33.872 Thread 0x0000025295798b60 Thread added: 0x00000252937176e0
Event: 33.872 Thread 0x0000025295798b60 Thread added: 0x0000025293717d70
Event: 33.872 Thread 0x0000025295798b60 Thread added: 0x000002529908ac40
Event: 33.873 Thread 0x0000025295798b60 Thread added: 0x000002529908b960
Event: 33.884 Thread 0x0000025295798b60 Thread added: 0x000002529908b2d0
Event: 34.074 Thread 0x0000025295798b60 Thread added: 0x000002529908c680
Event: 34.074 Thread 0x0000025295798b60 Thread added: 0x000002529908bff0
Event: 34.074 Thread 0x0000025295798b60 Thread added: 0x0000025299089200
Event: 34.075 Thread 0x0000025295798b60 Thread added: 0x000002529908cd10
Event: 34.075 Thread 0x0000025295798b60 Thread added: 0x0000025299089f20
Event: 34.075 Thread 0x0000025295798b60 Thread added: 0x000002529908a5b0
Event: 34.076 Thread 0x0000025295798b60 Thread added: 0x0000025299089890
Event: 34.076 Thread 0x0000025295798b60 Thread added: 0x0000025299090190
Event: 34.076 Thread 0x0000025295798b60 Thread added: 0x000002529908fb00
Event: 34.076 Thread 0x0000025295798b60 Thread added: 0x000002529908f470
Event: 34.077 Thread 0x0000025295798b60 Thread added: 0x0000025299090820


Dynamic libraries:
0x00007ff6add90000 - 0x00007ff6add9a000 	E:\Apps\Andriod Studio\jbr\bin\java.exe
0x00007ffd097e0000 - 0x00007ffd09a49000 	C:\WINDOWS\SYSTEM32\ntdll.dll
0x00007ffd08200000 - 0x00007ffd082c9000 	C:\WINDOWS\System32\KERNEL32.DLL
0x00007ffd071b0000 - 0x00007ffd075a3000 	C:\WINDOWS\System32\KERNELBASE.dll
0x00007ffd06a30000 - 0x00007ffd06b7b000 	C:\WINDOWS\System32\ucrtbase.dll
0x00007ffcf5040000 - 0x00007ffcf505b000 	E:\Apps\Andriod Studio\jbr\bin\VCRUNTIME140.dll
0x00007ffcf4fb0000 - 0x00007ffcf4fc8000 	E:\Apps\Andriod Studio\jbr\bin\jli.dll
0x00007ffd09530000 - 0x00007ffd096f4000 	C:\WINDOWS\System32\USER32.dll
0x00007ffd06fb0000 - 0x00007ffd06fd7000 	C:\WINDOWS\System32\win32u.dll
0x00007ffcecfd0000 - 0x00007ffced263000 	C:\WINDOWS\WinSxS\amd64_microsoft.windows.common-controls_6595b64144ccf1df_6.0.26100.5074_none_3e0d6f78e32fd63f\COMCTL32.dll
0x00007ffd09390000 - 0x00007ffd093bb000 	C:\WINDOWS\System32\GDI32.dll
0x00007ffd091e0000 - 0x00007ffd09289000 	C:\WINDOWS\System32\msvcrt.dll
0x00007ffd07080000 - 0x00007ffd071ad000 	C:\WINDOWS\System32\gdi32full.dll
0x00007ffd06c10000 - 0x00007ffd06cb3000 	C:\WINDOWS\System32\msvcp_win.dll
0x00007ffd093c0000 - 0x00007ffd093ef000 	C:\WINDOWS\System32\IMM32.DLL
0x00007ffcf50a0000 - 0x00007ffcf50ac000 	E:\Apps\Andriod Studio\jbr\bin\vcruntime140_1.dll
0x00007ffcb69f0000 - 0x00007ffcb6a7d000 	E:\Apps\Andriod Studio\jbr\bin\msvcp140.dll
0x00007ffc01670000 - 0x00007ffc022fb000 	E:\Apps\Andriod Studio\jbr\bin\server\jvm.dll
0x00007ffd089a0000 - 0x00007ffd08a54000 	C:\WINDOWS\System32\ADVAPI32.dll
0x00007ffd075b0000 - 0x00007ffd07656000 	C:\WINDOWS\System32\sechost.dll
0x00007ffd09410000 - 0x00007ffd09528000 	C:\WINDOWS\System32\RPCRT4.dll
0x00007ffd09720000 - 0x00007ffd09794000 	C:\WINDOWS\System32\WS2_32.dll
0x00007ffd067d0000 - 0x00007ffd0682e000 	C:\WINDOWS\SYSTEM32\POWRPROF.dll
0x00007ffcf8ad0000 - 0x00007ffcf8b05000 	C:\WINDOWS\SYSTEM32\WINMM.dll
0x00007ffcfe0b0000 - 0x00007ffcfe0bb000 	C:\WINDOWS\SYSTEM32\VERSION.dll
0x00007ffd067b0000 - 0x00007ffd067c4000 	C:\WINDOWS\SYSTEM32\UMPDC.dll
0x00007ffd05750000 - 0x00007ffd0576b000 	C:\WINDOWS\SYSTEM32\kernel.appcore.dll
0x00007ffcf5070000 - 0x00007ffcf507a000 	E:\Apps\Andriod Studio\jbr\bin\jimage.dll
0x00007ffcf7d00000 - 0x00007ffcf7f42000 	C:\WINDOWS\SYSTEM32\DBGHELP.DLL
0x00007ffd08e60000 - 0x00007ffd091db000 	C:\WINDOWS\System32\combase.dll
0x00007ffd08350000 - 0x00007ffd08427000 	C:\WINDOWS\System32\OLEAUT32.dll
0x00007ffce4300000 - 0x00007ffce433d000 	C:\WINDOWS\SYSTEM32\dbgcore.DLL
0x00007ffd06fe0000 - 0x00007ffd07079000 	C:\WINDOWS\System32\bcryptPrimitives.dll
0x00007ffcdb200000 - 0x00007ffcdb20e000 	E:\Apps\Andriod Studio\jbr\bin\instrument.dll
0x00007ffce7a90000 - 0x00007ffce7ab0000 	E:\Apps\Andriod Studio\jbr\bin\java.dll
0x00007ffce6870000 - 0x00007ffce6888000 	E:\Apps\Andriod Studio\jbr\bin\zip.dll
0x00007ffd07660000 - 0x00007ffd07dad000 	C:\WINDOWS\System32\SHELL32.dll
0x00007ffd06cc0000 - 0x00007ffd06e2c000 	C:\WINDOWS\System32\wintypes.dll
0x00007ffd045a0000 - 0x00007ffd04df9000 	C:\WINDOWS\SYSTEM32\windows.storage.dll
0x00007ffd08c00000 - 0x00007ffd08cf0000 	C:\WINDOWS\System32\SHCORE.dll
0x00007ffd07db0000 - 0x00007ffd07e12000 	C:\WINDOWS\System32\shlwapi.dll
0x00007ffd06890000 - 0x00007ffd068b9000 	C:\WINDOWS\SYSTEM32\profapi.dll
0x00007ffcea250000 - 0x00007ffcea260000 	E:\Apps\Andriod Studio\jbr\bin\net.dll
0x00007ffcff300000 - 0x00007ffcff41f000 	C:\WINDOWS\SYSTEM32\WINHTTP.dll
0x00007ffd05cd0000 - 0x00007ffd05d3b000 	C:\WINDOWS\system32\mswsock.dll
0x00007ffcdb630000 - 0x00007ffcdb646000 	E:\Apps\Andriod Studio\jbr\bin\nio.dll
0x00007ffcdb570000 - 0x00007ffcdb580000 	E:\Apps\Andriod Studio\jbr\bin\verify.dll
0x00007ffcc12a0000 - 0x00007ffcc12c7000 	E:\Apps\AndridFiles\.gradle\native\1def1411415f61bf3af743bc5b6707747c0891f09f0c88961ee8f79bc544acac\windows-amd64\native-platform.dll
0x00007ffc7bbe0000 - 0x00007ffc7bc58000 	E:\Apps\AndridFiles\.gradle\native\0.2.7\x86_64-windows-gnu\gradle-fileevents.dll
0x00007ffce74f0000 - 0x00007ffce74f9000 	E:\Apps\Andriod Studio\jbr\bin\management.dll
0x00007ffce6800000 - 0x00007ffce680b000 	E:\Apps\Andriod Studio\jbr\bin\management_ext.dll
0x00007ffd081f0000 - 0x00007ffd081f8000 	C:\WINDOWS\System32\PSAPI.DLL
0x00007ffd05180000 - 0x00007ffd051b4000 	C:\WINDOWS\SYSTEM32\IPHLPAPI.DLL
0x00007ffd08d00000 - 0x00007ffd08d0a000 	C:\WINDOWS\System32\NSI.dll
0x00007ffce9f20000 - 0x00007ffce9f29000 	E:\Apps\Andriod Studio\jbr\bin\extnet.dll
0x00007ffd05f80000 - 0x00007ffd05f9b000 	C:\WINDOWS\SYSTEM32\CRYPTSP.dll
0x00007ffd056b0000 - 0x00007ffd056eb000 	C:\WINDOWS\system32\rsaenh.dll
0x00007ffd05d70000 - 0x00007ffd05d9b000 	C:\WINDOWS\SYSTEM32\USERENV.dll
0x00007ffd06860000 - 0x00007ffd06886000 	C:\WINDOWS\SYSTEM32\bcrypt.dll
0x00007ffd05f70000 - 0x00007ffd05f7c000 	C:\WINDOWS\SYSTEM32\CRYPTBASE.dll
0x00007ffcf4b20000 - 0x00007ffcf4b28000 	C:\WINDOWS\system32\wshunix.dll
0x00007ffd05220000 - 0x00007ffd05346000 	C:\WINDOWS\SYSTEM32\DNSAPI.dll
0x00007ffcff430000 - 0x00007ffcff43b000 	C:\Windows\System32\rasadhlp.dll
0x00007ffd00980000 - 0x00007ffd00a06000 	C:\WINDOWS\System32\fwpuclnt.dll
0x00007ffd05870000 - 0x00007ffd058a6000 	C:\WINDOWS\SYSTEM32\ntmarta.dll

dbghelp: loaded successfully - version: 4.0.5 - missing functions: none
symbol engine: initialized successfully - sym options: 0x614 - pdb path: .;E:\Apps\Andriod Studio\jbr\bin;C:\WINDOWS\SYSTEM32;C:\WINDOWS\WinSxS\amd64_microsoft.windows.common-controls_6595b64144ccf1df_6.0.26100.5074_none_3e0d6f78e32fd63f;E:\Apps\Andriod Studio\jbr\bin\server;E:\Apps\AndridFiles\.gradle\native\1def1411415f61bf3af743bc5b6707747c0891f09f0c88961ee8f79bc544acac\windows-amd64;E:\Apps\AndridFiles\.gradle\native\0.2.7\x86_64-windows-gnu

VM Arguments:
jvm_args: --add-opens=java.base/java.lang=ALL-UNNAMED --add-opens=java.base/java.lang.invoke=ALL-UNNAMED --add-opens=java.base/java.util=ALL-UNNAMED --add-opens=java.prefs/java.util.prefs=ALL-UNNAMED --add-exports=jdk.compiler/com.sun.tools.javac.api=ALL-UNNAMED --add-exports=jdk.compiler/com.sun.tools.javac.util=ALL-UNNAMED --add-opens=java.base/java.util=ALL-UNNAMED --add-opens=java.prefs/java.util.prefs=ALL-UNNAMED --add-opens=java.base/java.nio.charset=ALL-UNNAMED --add-opens=java.base/java.net=ALL-UNNAMED --add-opens=java.base/java.util.concurrent.atomic=ALL-UNNAMED --add-opens=java.xml/javax.xml.namespace=ALL-UNNAMED -Xmx2048m -Dfile.encoding=UTF-8 -Duser.country=US -Duser.language=en -Duser.variant -javaagent:E:\Apps\AndridFiles\.gradle\wrapper\dists\gradle-8.13-bin\5xuhj0ry160q40clulazy9h7d\gradle-8.13\lib\agents\gradle-instrumentation-agent-8.13.jar 
java_command: org.gradle.launcher.daemon.bootstrap.GradleDaemon 8.13
java_class_path (initial): E:\Apps\AndridFiles\.gradle\wrapper\dists\gradle-8.13-bin\5xuhj0ry160q40clulazy9h7d\gradle-8.13\lib\gradle-daemon-main-8.13.jar
Launcher Type: SUN_STANDARD

[Global flags]
     intx CICompilerCount                          = 4                                         {product} {ergonomic}
     uint ConcGCThreads                            = 3                                         {product} {ergonomic}
     uint G1ConcRefinementThreads                  = 10                                        {product} {ergonomic}
   size_t G1HeapRegionSize                         = 1048576                                   {product} {ergonomic}
    uintx GCDrainStackTargetSize                   = 64                                        {product} {ergonomic}
   size_t InitialHeapSize                          = 255852544                                 {product} {ergonomic}
   size_t MarkStackSize                            = 4194304                                   {product} {ergonomic}
   size_t MaxHeapSize                              = 2147483648                                {product} {command line}
   size_t MaxNewSize                               = 1287651328                                {product} {ergonomic}
   size_t MinHeapDeltaBytes                        = 1048576                                   {product} {ergonomic}
   size_t MinHeapSize                              = 8388608                                   {product} {ergonomic}
    uintx NonNMethodCodeHeapSize                   = 5839372                                {pd product} {ergonomic}
    uintx NonProfiledCodeHeapSize                  = 122909434                              {pd product} {ergonomic}
    uintx ProfiledCodeHeapSize                     = 122909434                              {pd product} {ergonomic}
    uintx ReservedCodeCacheSize                    = 251658240                              {pd product} {ergonomic}
     bool SegmentedCodeCache                       = true                                      {product} {ergonomic}
   size_t SoftMaxHeapSize                          = 2147483648                             {manageable} {ergonomic}
     bool UseCompressedOops                        = true                           {product lp64_product} {ergonomic}
     bool UseG1GC                                  = true                                      {product} {ergonomic}
     bool UseLargePagesIndividualAllocation        = false                                  {pd product} {ergonomic}

Logging:
Log output configuration:
 #0: stdout all=warning uptime,level,tags foldmultilines=false
 #1: stderr all=off uptime,level,tags foldmultilines=false

Environment Variables:
JAVA_HOME=E:\Apps\Java\jdk-23.0.1
PATH=C:\app\arjun\product\21c\dbhomeXE\bin;C:\Python312\Scripts\;C:\Python312\;C:\windows\system32;C:\windows;C:\windows\System32\Wbem;C:\windows\System32\WindowsPowerShell\v1.0\;C:\windows\System32\OpenSSH\;C:\Program Files (x86)\NVIDIA Corporation\PhysX\Common;C:\Users\Administrator\AppData\Local\Microsoft\WindowsApps;C:\Program Files\HP\OMEN-Broadcast\Common;C:\Program Files\Git\cmd;C:\Program Files\nodejs\;C:\ProgramData\chocolatey\bin;E:\codes\xampp\php;C:\ProgramData\ComposerSetup\bin;C:\Program Files\dotnet\;C:\WINDOWS\system32;C:\WINDOWS;C:\WINDOWS\System32\Wbem;C:\WINDOWS\System32\WindowsPowerShell\v1.0\;C:\WINDOWS\System32\OpenSSH\;C:\Program Files\Cloudflare\Cloudflare WARP\;C:\Program Files (x86)\cloudflared\;C:\Program Files\NVIDIA Corporation\NVIDIA App\NvDLISR;C:\Users\arjun\AppData\Local\Microsoft\WindowsApps;C:\Users\arjun\AppData\Local\Programs\Microsoft VS Code\bin;C:\Users\arjun\AppData\Roaming\npm;C:\Users\arjun\AppData\Roaming\Composer\vendor\bin;C:\msys64\ucrt64\bin;C:\Program Files (x86)\twilio-cli\bin;E:\Apps\Java\jdk-23.0.1\bin;;E:\Apps\PyCharm 2025.1.1.1\bin;
USERNAME=arjun
OS=Windows_NT
PROCESSOR_IDENTIFIER=AMD64 Family 25 Model 68 Stepping 1, AuthenticAMD
TMP=C:\Users\arjun\AppData\Local\Temp
TEMP=C:\Users\arjun\AppData\Local\Temp




Periodic native trim disabled

JNI global refs:
JNI global refs: 31, weak refs: 4

JNI global refs memory usage: 835, weak refs: 833

Process memory usage:
Resident Set Size: 523776K (3% of 15947120K total physical memory with 1801336K free physical memory)

OOME stack traces (most recent first):
Classloader memory used:
Loader org.gradle.internal.classloader.VisitableURLClassLoader                         : 42593K
Loader bootstrap                                                                       : 32134K
Loader org.gradle.internal.classloader.VisitableURLClassLoader$InstrumentingVisitableURLClassLoader: 27033K
Loader org.gradle.initialization.MixInLegacyTypesClassLoader                           : 11366K
Loader jdk.internal.loader.ClassLoaders$PlatformClassLoader                            : 799K
Loader jdk.internal.reflect.DelegatingClassLoader                                      : 302K
Loader jdk.internal.loader.ClassLoaders$AppClassLoader                                 : 235K
Loader org.gradle.internal.classloader.VisitableURLClassLoader                         : 160K

Classes loaded by more than one classloader:
Class Program                                                                         : loaded 5 times (x 68B)
Class Build_gradle                                                                    : loaded 3 times (x 126B)
Class Build_gradle$1                                                                  : loaded 3 times (x 70B)
Class org.gradle.internal.classloader.FilteringClassLoader                            : loaded 2 times (x 101B)
Class [Lcom.google.common.collect.MapMakerInternalMap$Segment;                        : loaded 2 times (x 65B)
Class com.google.common.io.FileWriteMode                                              : loaded 2 times (x 75B)
Class [Lcom.google.common.base.AbstractIterator$State;                                : loaded 2 times (x 65B)
Class com.google.common.base.CharMatcher$IsEither                                     : loaded 2 times (x 107B)
Class org.gradle.internal.classloader.ClassLoaderHierarchy                            : loaded 2 times (x 66B)
Class com.google.common.collect.AbstractMapBasedMultimap$WrappedCollection            : loaded 2 times (x 120B)
Class com.google.common.collect.ImmutableEnumSet                                      : loaded 2 times (x 142B)
Class com.google.common.util.concurrent.ExecutionError                                : loaded 2 times (x 78B)
Class com.google.common.collect.ImmutableList$1                                       : loaded 2 times (x 93B)
Class org.gradle.api.internal.classpath.ManifestUtil                                  : loaded 2 times (x 67B)
Class com.google.common.collect.RegularImmutableMap                                   : loaded 2 times (x 117B)
Class com.google.common.collect.ImmutableMap$MapViewOfValuesAsSingletonSets           : loaded 2 times (x 122B)
Class com.google.common.collect.TransformedListIterator                               : loaded 2 times (x 89B)
Class [Lorg.objectweb.asm.Symbol;                                                     : loaded 2 times (x 65B)
Class org.objectweb.asm.ClassVisitor                                                  : loaded 2 times (x 84B)
Class com.google.common.collect.UnmodifiableListIterator                              : loaded 2 times (x 91B)
Class com.google.common.collect.MapMakerInternalMap$StrongKeyDummyValueEntry$LinkedStrongKeyDummyValueEntry: loaded 2 times (x 78B)
Class com.google.common.collect.MapMakerInternalMap$Strength                          : loaded 2 times (x 76B)
Class com.google.common.base.Platform$JdkPatternCompiler                              : loaded 2 times (x 71B)
Class org.objectweb.asm.MethodTooLargeException                                       : loaded 2 times (x 79B)
Class [Lcom.google.common.cache.CacheBuilder$OneWeigher;                              : loaded 2 times (x 65B)
Class com.google.common.base.Suppliers                                                : loaded 2 times (x 67B)
Class org.gradle.internal.classloader.DefaultClassLoaderFactory                       : loaded 2 times (x 78B)
Class com.google.common.base.CharMatcher$None                                         : loaded 2 times (x 108B)
Class org.gradle.internal.classloader.ClassLoaderVisitor                              : loaded 2 times (x 72B)
Class [Lcom.google.common.collect.ImmutableMapEntry;                                  : loaded 2 times (x 65B)
Class org.gradle.api.internal.classpath.EffectiveClassPath                            : loaded 2 times (x 86B)
Class com.google.common.collect.ImmutableRangeSet                                     : loaded 2 times (x 111B)
Class com.google.common.collect.ListMultimap                                          : loaded 2 times (x 66B)
Class com.google.common.collect.ImmutableEnumMap                                      : loaded 2 times (x 122B)
Class com.google.common.collect.Iterators$EmptyModifiableIterator                     : loaded 2 times (x 82B)
Class com.google.common.base.Splitter                                                 : loaded 2 times (x 68B)
Class com.google.common.collect.Sets$1                                                : loaded 2 times (x 135B)
Class org.objectweb.asm.AnnotationVisitor                                             : loaded 2 times (x 74B)
Class org.gradle.api.internal.DefaultClassPathProvider                                : loaded 2 times (x 72B)
Class com.google.common.collect.MapMakerInternalMap$Strength$1                        : loaded 2 times (x 76B)
Class com.google.common.collect.Maps$ViewCachingAbstractMap                           : loaded 2 times (x 121B)
Class com.google.common.collect.Sets$2                                                : loaded 2 times (x 135B)
Class [Lorg.gradle.api.internal.ClassPathProvider;                                    : loaded 2 times (x 65B)
Class org.gradle.api.internal.ClassPathProvider                                       : loaded 2 times (x 66B)
Class com.google.common.collect.MapMakerInternalMap$Strength$2                        : loaded 2 times (x 76B)
Class com.google.common.base.AbstractIterator$State                                   : loaded 2 times (x 75B)
Class com.google.common.collect.Sets$3                                                : loaded 2 times (x 135B)
Class com.google.common.util.concurrent.AbstractFuture$SafeAtomicHelper               : loaded 2 times (x 75B)
Class com.google.common.cache.LocalCache$LocalLoadingCache                            : loaded 2 times (x 130B)
Class org.gradle.internal.service.UnknownServiceException                             : loaded 2 times (x 79B)
Class com.google.common.collect.MapMakerInternalMap$StrongValueEntry                  : loaded 2 times (x 66B)
Class com.google.common.collect.Sets$4                                                : loaded 2 times (x 135B)
Class org.objectweb.asm.ModuleVisitor                                                 : loaded 2 times (x 77B)
Class com.google.common.cache.LocalCache$Strength$1                                   : loaded 2 times (x 77B)
Class com.google.common.util.concurrent.SettableFuture                                : loaded 2 times (x 110B)
Class com.google.common.cache.LocalCache$Strength$2                                   : loaded 2 times (x 77B)
Class com.google.common.collect.Interners$InternerImpl                                : loaded 2 times (x 71B)
Class com.google.common.collect.Interner                                              : loaded 2 times (x 66B)
Class com.google.common.collect.TransformedIterator                                   : loaded 2 times (x 76B)
Class com.google.common.base.Splitter$1                                               : loaded 2 times (x 73B)
Class com.google.common.cache.LocalCache$Strength$3                                   : loaded 2 times (x 77B)
Class com.google.common.collect.MapDifference                                         : loaded 2 times (x 66B)
Class com.google.common.collect.MapMaker$Dummy                                        : loaded 2 times (x 75B)
Class org.objectweb.asm.FieldWriter                                                   : loaded 2 times (x 74B)
Class com.google.common.cache.CacheBuilder$NullListener                               : loaded 2 times (x 78B)
Class org.gradle.internal.classpath.TransformedClassPath                              : loaded 2 times (x 92B)
Class org.gradle.internal.classloader.InstrumentingClassLoader                        : loaded 2 times (x 66B)
Class com.google.common.collect.ImmutableRangeSet$AsSet                               : loaded 2 times (x 296B)
Class com.google.common.cache.CacheLoader$FunctionToCacheLoader                       : loaded 2 times (x 71B)
Class com.google.common.collect.Iterators$ArrayItr                                    : loaded 2 times (x 93B)
Class com.google.common.collect.ImmutableCollection$Builder                           : loaded 2 times (x 72B)
Class com.google.common.collect.BaseImmutableMultimap                                 : loaded 2 times (x 119B)
Class com.google.common.base.Joiner                                                   : loaded 2 times (x 75B)
Class com.google.common.base.MoreObjects                                              : loaded 2 times (x 67B)
Class com.google.common.collect.Platform                                              : loaded 2 times (x 67B)
Class [Lorg.objectweb.asm.Type;                                                       : loaded 2 times (x 65B)
Class com.google.common.collect.UnmodifiableIterator                                  : loaded 2 times (x 76B)
Class org.gradle.internal.service.ServiceLocator                                      : loaded 2 times (x 66B)
Class com.google.common.base.Ascii                                                    : loaded 2 times (x 67B)
Class com.google.common.collect.SingletonImmutableBiMap                               : loaded 2 times (x 139B)
Class com.google.common.cache.LocalCache$1                                            : loaded 2 times (x 85B)
Class com.google.common.collect.AbstractMapEntry                                      : loaded 2 times (x 77B)
Class com.google.common.collect.MapMakerInternalMap$AbstractStrongKeyEntry            : loaded 2 times (x 76B)
Class com.google.common.collect.Sets$ImprovedAbstractSet                              : loaded 2 times (x 131B)
Class com.google.common.collect.ImmutableList$Builder                                 : loaded 2 times (x 73B)
Class com.google.common.collect.AbstractMultimap                                      : loaded 2 times (x 119B)
Class com.google.common.cache.LocalCache$2                                            : loaded 2 times (x 138B)
Class com.google.common.collect.ImmutableRangeSet$1                                   : loaded 2 times (x 206B)
Class com.google.common.util.concurrent.AbstractFuture$UnsafeAtomicHelper$1           : loaded 2 times (x 72B)
Class com.google.common.collect.RegularImmutableAsList                                : loaded 2 times (x 213B)
Class com.google.common.collect.Range                                                 : loaded 2 times (x 83B)
Class com.google.common.util.concurrent.AbstractFuture$Trusted                        : loaded 2 times (x 66B)
Class com.google.common.collect.Iterators                                             : loaded 2 times (x 67B)
Class com.google.common.io.ByteSink$AsCharSink                                        : loaded 2 times (x 76B)
Class com.google.common.collect.Lists$StringAsImmutableList                           : loaded 2 times (x 203B)
Class com.google.common.util.concurrent.UncheckedExecutionException                   : loaded 2 times (x 78B)
Class org.gradle.kotlin.dsl.VersionCatalogAccessorsKt                                 : loaded 2 times (x 67B)
Class org.gradle.internal.InternalTransformer                                         : loaded 2 times (x 66B)
Class com.google.common.collect.AbstractMapBasedMultimap$KeySet$1                     : loaded 2 times (x 78B)
Class org.objectweb.asm.ClassWriter                                                   : loaded 2 times (x 102B)
Class com.google.common.cache.CacheLoader$UnsupportedLoadingOperationException        : loaded 2 times (x 78B)
Class com.google.common.base.CharMatcher$And                                          : loaded 2 times (x 108B)
Class org.gradle.internal.classloader.ClasspathUtil$1                                 : loaded 2 times (x 72B)
Class com.google.common.base.Objects                                                  : loaded 2 times (x 67B)
Class org.objectweb.asm.FieldVisitor                                                  : loaded 2 times (x 73B)
Class com.google.common.collect.IndexedImmutableSet                                   : loaded 2 times (x 148B)
Class com.google.common.collect.ImmutableMap$1                                        : loaded 2 times (x 77B)
Class com.google.common.collect.BiMap                                                 : loaded 2 times (x 66B)
Class com.google.common.collect.RegularImmutableMap$KeySet                            : loaded 2 times (x 148B)
Class com.google.common.primitives.Ints                                               : loaded 2 times (x 67B)
Class com.google.common.collect.AbstractIterator                                      : loaded 2 times (x 78B)
Class com.google.common.collect.ObjectArrays                                          : loaded 2 times (x 67B)
Class com.google.common.collect.Multiset                                              : loaded 2 times (x 66B)
Class com.google.common.collect.ArrayListMultimapGwtSerializationDependencies         : loaded 2 times (x 168B)
Class com.google.common.collect.AbstractIndexedListIterator                           : loaded 2 times (x 92B)
Class com.google.common.math.MathPreconditions                                        : loaded 2 times (x 67B)
Class com.google.common.collect.ImmutableMapEntrySet                                  : loaded 2 times (x 148B)
Class org.gradle.api.internal.classpath.Module                                        : loaded 2 times (x 66B)
Class com.google.common.cache.Weigher                                                 : loaded 2 times (x 66B)
Class org.gradle.api.internal.classpath.UnknownModuleException                        : loaded 2 times (x 78B)
Class com.google.common.base.Stopwatch                                                : loaded 2 times (x 68B)
Class com.google.common.cache.LocalCache$Strength                                     : loaded 2 times (x 77B)
Class com.google.common.cache.Cache                                                   : loaded 2 times (x 66B)
Class com.google.common.io.Files$2                                                    : loaded 2 times (x 72B)
Class com.google.common.base.NullnessCasts                                            : loaded 2 times (x 67B)
Class com.google.common.util.concurrent.AbstractFuture$Cancellation                   : loaded 2 times (x 68B)
Class com.google.common.collect.ImmutableMap$Builder                                  : loaded 2 times (x 78B)
Class com.google.common.collect.AbstractMapBasedMultimap$WrappedCollection$WrappedIterator: loaded 2 times (x 80B)
Class com.google.common.cache.RemovalListener                                         : loaded 2 times (x 66B)
Class org.gradle.api.internal.DefaultClassPathRegistry                                : loaded 2 times (x 72B)
Class com.google.common.primitives.IntsMethodsForWeb                                  : loaded 2 times (x 67B)
Class com.google.common.collect.Multimap                                              : loaded 2 times (x 66B)
Class org.gradle.api.internal.ClassPathRegistry                                       : loaded 2 times (x 66B)
Class org.gradle.internal.classpath.DefaultClassPath$ImmutableUniqueList              : loaded 2 times (x 195B)
Class com.google.common.collect.MapMakerInternalMap$Segment                           : loaded 2 times (x 138B)
Class com.google.common.base.ExtraObjectsMethodsForWeb                                : loaded 2 times (x 67B)
Class com.google.common.base.PairwiseEquivalence                                      : loaded 2 times (x 79B)
Class com.google.common.io.ByteSink                                                   : loaded 2 times (x 72B)
Class com.google.common.cache.CacheBuilder                                            : loaded 2 times (x 68B)
Class com.google.common.collect.SingletonImmutableList                                : loaded 2 times (x 203B)
Class Settings_gradle$1                                                               : loaded 2 times (x 70B)
Class org.gradle.internal.classpath.ClassPath                                         : loaded 2 times (x 66B)
Class org.gradle.api.UncheckedIOException                                             : loaded 2 times (x 78B)
Class com.google.common.collect.Interners$InternerBuilder                             : loaded 2 times (x 72B)
Class com.google.common.io.Files$FileByteSource                                       : loaded 2 times (x 81B)
Class com.google.common.base.JdkPattern                                               : loaded 2 times (x 71B)
Class com.google.common.collect.ImmutableList$ReverseImmutableList                    : loaded 2 times (x 205B)
Class org.objectweb.asm.SymbolTable$Entry                                             : loaded 2 times (x 70B)
Class com.google.common.util.concurrent.AbstractFuture$AtomicHelper                   : loaded 2 times (x 74B)
Class org.objectweb.asm.Edge                                                          : loaded 2 times (x 68B)
Class com.google.common.base.Suppliers$SupplierOfInstance                             : loaded 2 times (x 75B)
Class com.google.common.collect.Iterators$1                                           : loaded 2 times (x 77B)
Class com.google.common.cache.LocalCache$ComputingValueReference                      : loaded 2 times (x 92B)
Class com.google.common.collect.SingletonImmutableSet                                 : loaded 2 times (x 142B)
Class com.google.common.collect.ImmutableMap$IteratorBasedImmutableMap                : loaded 2 times (x 122B)
Class com.google.common.cache.LocalCache$Segment                                      : loaded 2 times (x 150B)
Class com.google.common.collect.SortedIterable                                        : loaded 2 times (x 66B)
Class com.google.common.collect.AbstractListMultimap                                  : loaded 2 times (x 168B)
Class [Lorg.objectweb.asm.SymbolTable$Entry;                                          : loaded 2 times (x 65B)
Class com.google.common.cache.CacheLoader                                             : loaded 2 times (x 70B)
Class com.google.common.collect.Iterators$4                                           : loaded 2 times (x 78B)
Class com.google.common.collect.ImmutableBiMap                                        : loaded 2 times (x 139B)
Class org.gradle.internal.installation.GradleInstallation$1                           : loaded 2 times (x 71B)
Class org.gradle.api.internal.classpath.ModuleRegistry                                : loaded 2 times (x 66B)
Class com.google.common.base.Splitter$SplittingIterator                               : loaded 2 times (x 80B)
Class com.google.common.util.concurrent.internal.InternalFutureFailureAccess          : loaded 2 times (x 68B)
Class com.google.common.collect.Iterators$5                                           : loaded 2 times (x 78B)
Class com.google.common.collect.ImmutableSet$JdkBackedSetBuilderImpl                  : loaded 2 times (x 72B)
Class com.google.common.util.concurrent.AbstractFuture$UnsafeAtomicHelper             : loaded 2 times (x 74B)
Class com.google.common.cache.LocalCache$LocalManualCache$1                           : loaded 2 times (x 71B)
Class com.google.common.base.CharMatcher$ForPredicate                                 : loaded 2 times (x 108B)
Class com.google.common.base.CharMatcher$AnyOf                                        : loaded 2 times (x 108B)
Class com.google.common.collect.ImmutableCollection                                   : loaded 2 times (x 121B)
Class org.gradle.api.internal.classpath.DefaultModuleRegistry                         : loaded 2 times (x 82B)
Class com.google.common.collect.Lists                                                 : loaded 2 times (x 67B)
Class com.google.common.util.concurrent.ListenableFuture                              : loaded 2 times (x 66B)
Class com.google.common.cache.ReferenceEntry                                          : loaded 2 times (x 66B)
Class com.google.common.base.Converter                                                : loaded 2 times (x 86B)
Class com.google.common.collect.ImmutableSet$CachingAsList                            : loaded 2 times (x 144B)
Class com.google.common.collect.AbstractMapBasedMultimap                              : loaded 2 times (x 135B)
Class com.google.common.util.concurrent.AbstractFuture                                : loaded 2 times (x 102B)
Class com.google.common.base.FunctionalEquivalence                                    : loaded 2 times (x 79B)
Class com.google.common.collect.Iterators$9                                           : loaded 2 times (x 77B)
Class com.google.common.collect.ImmutableAsList                                       : loaded 2 times (x 205B)
Class org.objectweb.asm.RecordComponentVisitor                                        : loaded 2 times (x 73B)
Class com.google.common.cache.CacheLoader$SupplierToCacheLoader                       : loaded 2 times (x 71B)
Class com.google.common.collect.Maps$EntryTransformer                                 : loaded 2 times (x 66B)
Class org.gradle.internal.service.ServiceLookupException                              : loaded 2 times (x 78B)
Class com.google.common.base.CharMatcher$JavaLetter                                   : loaded 2 times (x 107B)
Class com.google.common.collect.ImmutableSortedSet                                    : loaded 2 times (x 296B)
Class [Lcom.google.common.cache.LocalCache$EntryFactory;                              : loaded 2 times (x 65B)
Class org.gradle.internal.classloader.ClassLoaderFactory                              : loaded 2 times (x 66B)
Class com.google.common.collect.ImmutableMap$SerializedForm                           : loaded 2 times (x 69B)
Class com.google.common.base.CommonPattern                                            : loaded 2 times (x 70B)
Class com.google.common.cache.LocalCache$LocalManualCache                             : loaded 2 times (x 95B)
Class com.google.common.base.CharMatcher$IsNot                                        : loaded 2 times (x 107B)
Class org.gradle.internal.service.CachingServiceLocator                               : loaded 2 times (x 78B)
Class com.google.common.collect.RegularImmutableSortedSet                             : loaded 2 times (x 296B)
Class com.google.common.collect.AbstractMapBasedMultimap$KeySet                       : loaded 2 times (x 133B)
Class com.google.common.math.IntMath                                                  : loaded 2 times (x 67B)
Class com.google.common.collect.MapMakerInternalMap$InternalEntry                     : loaded 2 times (x 66B)
Class com.google.common.collect.ImmutableMapEntry                                     : loaded 2 times (x 81B)
Class com.google.common.collect.ImmutableMultimap                                     : loaded 2 times (x 143B)
Class com.google.common.base.Equivalence                                              : loaded 2 times (x 78B)
Class com.google.common.base.Function                                                 : loaded 2 times (x 66B)
Class com.google.common.collect.ImmutableMapEntry$NonTerminalImmutableMapEntry        : loaded 2 times (x 81B)
Class com.google.common.cache.CacheBuilder$OneWeigher                                 : loaded 2 times (x 78B)
Class com.google.common.collect.RegularImmutableList                                  : loaded 2 times (x 209B)
Class org.gradle.internal.classloader.ClasspathUtil                                   : loaded 2 times (x 67B)
Class com.google.common.base.Charsets                                                 : loaded 2 times (x 67B)
Class com.google.common.util.concurrent.Uninterruptibles                              : loaded 2 times (x 67B)
Class com.google.common.collect.Maps                                                  : loaded 2 times (x 67B)
Class org.gradle.api.specs.Spec                                                       : loaded 2 times (x 66B)
Class com.google.common.collect.MapMaker                                              : loaded 2 times (x 68B)
Class [Lcom.google.common.collect.ImmutableEntry;                                     : loaded 2 times (x 65B)
Class com.google.common.cache.LocalCache$LoadingValueReference                        : loaded 2 times (x 92B)
Class org.gradle.api.internal.classpath.DefaultModuleRegistry$DefaultModule           : loaded 2 times (x 82B)
Class com.google.common.collect.MapMakerInternalMap$StrongKeyDummyValueEntry          : loaded 2 times (x 78B)
Class com.google.common.base.Platform                                                 : loaded 2 times (x 67B)
Class com.google.common.collect.AbstractMapBasedMultimap$WrappedList                  : loaded 2 times (x 201B)
Class com.google.common.collect.Maps$8                                                : loaded 2 times (x 78B)
Class [Lcom.google.common.collect.Iterators$EmptyModifiableIterator;                  : loaded 2 times (x 65B)
Class com.google.common.collect.ImmutableRangeSet$Builder                             : loaded 2 times (x 73B)
Class com.google.common.collect.Sets$SetView                                          : loaded 2 times (x 134B)
Class com.google.common.cache.LocalCache$StrongValueReference                         : loaded 2 times (x 86B)
Class com.google.common.util.concurrent.AbstractFuture$SynchronizedHelper             : loaded 2 times (x 74B)
Class com.google.common.graph.SuccessorsFunction                                      : loaded 2 times (x 66B)
Class org.objectweb.asm.Type                                                          : loaded 2 times (x 68B)
Class org.gradle.internal.classloader.VisitableURLClassLoader$InstrumentingVisitableURLClassLoader: loaded 2 times (x 119B)
Class com.google.common.collect.MapMakerInternalMap$StrongKeyDummyValueEntry$Helper   : loaded 2 times (x 75B)
Class com.google.common.io.Files$FileByteSink                                         : loaded 2 times (x 73B)
Class org.objectweb.asm.ByteVector                                                    : loaded 2 times (x 75B)
Class [Lcom.google.common.cache.CacheBuilder$NullListener;                            : loaded 2 times (x 65B)
Class com.google.common.math.IntMath$1                                                : loaded 2 times (x 67B)
Class org.gradle.internal.classloader.VisitableURLClassLoader$Spec                    : loaded 2 times (x 70B)
Class org.gradle.internal.classpath.DefaultClassPath                                  : loaded 2 times (x 86B)
Class com.google.common.base.AbstractIterator                                         : loaded 2 times (x 76B)
Class org.objectweb.asm.Symbol                                                        : loaded 2 times (x 69B)
Class com.google.common.io.Closer                                                     : loaded 2 times (x 74B)
Class com.google.common.base.CharMatcher$Ascii                                        : loaded 2 times (x 108B)
Class com.google.common.base.CharMatcher$BitSetMatcher                                : loaded 2 times (x 108B)
Class com.google.common.collect.RegularImmutableMap$Values                            : loaded 2 times (x 203B)
Class com.google.common.collect.ImmutableSet                                          : loaded 2 times (x 141B)
Class org.gradle.internal.classloader.ClassLoaderSpec                                 : loaded 2 times (x 67B)
Class org.objectweb.asm.AnnotationWriter                                              : loaded 2 times (x 75B)
Class com.google.common.cache.CacheStats                                              : loaded 2 times (x 67B)
Class com.google.common.collect.Interners                                             : loaded 2 times (x 67B)
Class com.google.common.io.Closer$Suppressor                                          : loaded 2 times (x 66B)
Class com.google.common.io.LineProcessor                                              : loaded 2 times (x 66B)
Class org.objectweb.asm.RecordComponentWriter                                         : loaded 2 times (x 74B)
Class com.google.common.util.concurrent.AbstractFuture$Listener                       : loaded 2 times (x 68B)
Class com.google.common.base.CharMatcher$Or                                           : loaded 2 times (x 108B)
Class Settings_gradle$1$1                                                             : loaded 2 times (x 70B)
Class org.objectweb.asm.Attribute                                                     : loaded 2 times (x 73B)
Class com.google.common.base.Supplier                                                 : loaded 2 times (x 66B)
Class org.gradle.internal.classloader.VisitableURLClassLoader                         : loaded 2 times (x 113B)
Class com.google.common.util.concurrent.AbstractFuture$Waiter                         : loaded 2 times (x 68B)
Class Settings_gradle                                                                 : loaded 2 times (x 124B)
Class org.gradle.internal.Cast                                                        : loaded 2 times (x 67B)
Class org.gradle.api.Action                                                           : loaded 2 times (x 66B)
Class com.google.common.collect.MapMakerInternalMap                                   : loaded 2 times (x 157B)
Class com.google.common.base.Strings                                                  : loaded 2 times (x 67B)
Class com.google.common.collect.Sets                                                  : loaded 2 times (x 67B)
Class org.objectweb.asm.Handler                                                       : loaded 2 times (x 68B)
Class com.google.common.base.Ticker                                                   : loaded 2 times (x 68B)
Class com.google.common.base.CharMatcher$FastMatcher                                  : loaded 2 times (x 107B)
Class [Lcom.google.common.cache.LocalCache$Segment;                                   : loaded 2 times (x 65B)
Class [Lcom.google.common.cache.LocalCache$Strength;                                  : loaded 2 times (x 65B)
Class com.google.common.cache.CacheBuilder$1                                          : loaded 2 times (x 81B)
Class com.google.common.base.Predicate                                                : loaded 2 times (x 66B)
Class com.google.common.collect.ImmutableMap                                          : loaded 2 times (x 116B)
Class org.gradle.internal.classpath.DefaultClassPath$ImmutableUniqueList$Builder      : loaded 2 times (x 71B)
Class com.google.common.collect.MapMakerInternalMap$WeakValueReference                : loaded 2 times (x 66B)
Class com.google.common.collect.AbstractRangeSet                                      : loaded 2 times (x 110B)
Class com.google.common.cache.LocalCache                                              : loaded 2 times (x 183B)
Class com.google.common.cache.CacheBuilder$2                                          : loaded 2 times (x 75B)
Class com.google.common.base.CharMatcher$NegatedFastMatcher                           : loaded 2 times (x 109B)
Class com.google.common.collect.ArrayListMultimap                                     : loaded 2 times (x 168B)
Class com.google.common.cache.CacheBuilder$3                                          : loaded 2 times (x 68B)
Class [Lcom.google.common.collect.AbstractMapEntry;                                   : loaded 2 times (x 65B)
Class com.google.common.collect.ImmutableEntry                                        : loaded 2 times (x 78B)
Class org.gradle.api.GradleException                                                  : loaded 2 times (x 78B)
Class com.google.common.collect.CollectPreconditions                                  : loaded 2 times (x 67B)
Class [Lcom.google.common.collect.MapMakerInternalMap$Strength;                       : loaded 2 times (x 65B)
Class [Lcom.google.common.io.FileWriteMode;                                           : loaded 2 times (x 65B)
Class com.google.common.collect.SortedMapDifference                                   : loaded 2 times (x 66B)
Class com.google.common.collect.MapMakerInternalMap$StrongKeyDummyValueSegment        : loaded 2 times (x 138B)
Class com.google.common.io.Files                                                      : loaded 2 times (x 67B)
Class com.google.common.cache.LocalCache$EntryFactory                                 : loaded 2 times (x 79B)
Class [Lcom.google.common.collect.MapMaker$Dummy;                                     : loaded 2 times (x 65B)
Class com.google.common.base.CharMatcher$Whitespace                                   : loaded 2 times (x 108B)
Class com.google.common.base.Splitter$1$1                                             : loaded 2 times (x 82B)
Class com.google.common.cache.LocalCache$AbstractReferenceEntry                       : loaded 2 times (x 103B)
Class org.gradle.internal.IoActions                                                   : loaded 2 times (x 67B)
Class com.google.common.collect.ImmutableMapKeySet                                    : loaded 2 times (x 148B)
Class com.google.common.collect.ImmutableRangeSet$ComplementRanges                    : loaded 2 times (x 203B)
Class org.objectweb.asm.SymbolTable                                                   : loaded 2 times (x 68B)
Class com.google.common.cache.CacheLoader$InvalidCacheLoadException                   : loaded 2 times (x 78B)
Class com.google.common.collect.ImmutableSet$RegularSetBuilderImpl                    : loaded 2 times (x 73B)
Class org.gradle.internal.classloader.SystemClassLoaderSpec                           : loaded 2 times (x 67B)
Class com.google.common.cache.LocalCache$StrongEntry                                  : loaded 2 times (x 104B)
Class com.google.common.util.concurrent.AbstractFuture$TrustedFuture                  : loaded 2 times (x 110B)
Class com.google.common.cache.LoadingCache                                            : loaded 2 times (x 66B)
Class org.objectweb.asm.MethodWriter                                                  : loaded 2 times (x 102B)
Class [Lcom.google.common.cache.Weigher;                                              : loaded 2 times (x 65B)
Class com.google.common.collect.RegularImmutableMap$BucketOverflowException           : loaded 2 times (x 78B)
Class com.google.common.collect.AbstractMapBasedMultimap$RandomAccessWrappedList      : loaded 2 times (x 201B)
Class com.google.common.collect.RegularImmutableBiMap                                 : loaded 2 times (x 145B)
Class com.google.common.cache.LocalCache$ValueReference                               : loaded 2 times (x 66B)
Class com.google.common.base.CharMatcher$Is                                           : loaded 2 times (x 107B)
Class com.google.common.base.CharMatcher$Negated                                      : loaded 2 times (x 109B)
Class com.google.common.base.PatternCompiler                                          : loaded 2 times (x 66B)
Class com.google.common.util.concurrent.AbstractFuture$Failure                        : loaded 2 times (x 68B)
Class com.google.common.base.Equivalence$Equals                                       : loaded 2 times (x 78B)
Class com.google.common.collect.Hashing                                               : loaded 2 times (x 67B)
Class com.google.common.base.Preconditions                                            : loaded 2 times (x 67B)
Class com.google.common.collect.ImmutableSetMultimap                                  : loaded 2 times (x 176B)
Class com.google.common.io.CharSink                                                   : loaded 2 times (x 75B)
Class com.google.common.base.Joiner$1                                                 : loaded 2 times (x 76B)
Class org.objectweb.asm.Label                                                         : loaded 2 times (x 69B)
Class org.objectweb.asm.CurrentFrame                                                  : loaded 2 times (x 69B)
Class org.objectweb.asm.ClassTooLargeException                                        : loaded 2 times (x 79B)
Class com.google.common.base.CharMatcher                                              : loaded 2 times (x 107B)
Class com.google.common.collect.PeekingIterator                                       : loaded 2 times (x 66B)
Class com.google.common.collect.MapMakerInternalMap$InternalEntryHelper               : loaded 2 times (x 66B)
Class com.google.common.collect.Maps$IteratorBasedAbstractMap                         : loaded 2 times (x 121B)
Class com.google.common.collect.RangeGwtSerializationDependencies                     : loaded 2 times (x 67B)
Class com.google.common.collect.Table                                                 : loaded 2 times (x 66B)
Class com.google.common.base.Joiner$2                                                 : loaded 2 times (x 75B)
Class org.objectweb.asm.Frame                                                         : loaded 2 times (x 69B)
Class org.objectweb.asm.MethodVisitor                                                 : loaded 2 times (x 101B)
Class com.google.common.cache.LocalCache$EntryFactory$1                               : loaded 2 times (x 79B)
Class [Lcom.google.common.cache.RemovalListener;                                      : loaded 2 times (x 65B)
Class com.google.common.base.CharMatcher$NamedFastMatcher                             : loaded 2 times (x 108B)
Class com.google.common.base.CharMatcher$1                                            : loaded 2 times (x 109B)
Class com.google.common.collect.RangeSet                                              : loaded 2 times (x 66B)
Class com.google.common.cache.LocalCache$EntryFactory$2                               : loaded 2 times (x 79B)
Class org.gradle.api.internal.classpath.GlobalCacheRootsProvider                      : loaded 2 times (x 66B)
Class com.google.common.collect.CollectCollectors                                     : loaded 2 times (x 67B)
Class org.objectweb.asm.ModuleWriter                                                  : loaded 2 times (x 78B)
Class com.google.common.cache.LocalCache$EntryFactory$3                               : loaded 2 times (x 79B)
Class com.google.common.base.Ticker$1                                                 : loaded 2 times (x 68B)
Class com.google.common.collect.Maps$BiMapConverter                                   : loaded 2 times (x 86B)
Class com.google.common.collect.ImmutableMapEntrySet$RegularEntrySet                  : loaded 2 times (x 148B)
Class com.google.common.collect.SetMultimap                                           : loaded 2 times (x 66B)
Class com.google.common.cache.LocalCache$EntryFactory$4                               : loaded 2 times (x 79B)
Class com.google.common.base.CharMatcher$InRange                                      : loaded 2 times (x 107B)
Class com.google.common.collect.ImmutableSet$Builder                                  : loaded 2 times (x 81B)
Class com.google.common.cache.LocalCache$EntryFactory$5                               : loaded 2 times (x 79B)
Class com.google.common.base.Equivalence$Identity                                     : loaded 2 times (x 78B)
Class com.google.common.cache.LocalCache$EntryFactory$6                               : loaded 2 times (x 79B)
Class org.gradle.internal.installation.CurrentGradleInstallationLocator               : loaded 2 times (x 67B)
Class com.google.common.collect.Maps$KeySet                                           : loaded 2 times (x 133B)
Class com.google.common.cache.LocalCache$EntryFactory$7                               : loaded 2 times (x 79B)
Class com.google.common.collect.ImmutableSet$EmptySetBuilderImpl                      : loaded 2 times (x 72B)
Class com.google.common.collect.ImmutableList                                         : loaded 2 times (x 202B)
Class org.gradle.internal.service.DefaultServiceLocator                               : loaded 2 times (x 79B)
Class com.google.common.collect.Maps$EntrySet                                         : loaded 2 times (x 132B)
Class com.google.common.cache.LocalCache$EntryFactory$8                               : loaded 2 times (x 79B)
Class com.google.common.collect.ImmutableSet$SetBuilderImpl                           : loaded 2 times (x 72B)
Class org.gradle.internal.installation.CurrentGradleInstallation                      : loaded 2 times (x 69B)
Class com.google.common.cache.CacheLoader$1                                           : loaded 2 times (x 71B)
Class com.google.common.collect.ForwardingObject                                      : loaded 2 times (x 68B)
Class com.google.common.collect.ImmutableList$SubList                                 : loaded 2 times (x 205B)
Class org.gradle.util.internal.GUtil                                                  : loaded 2 times (x 67B)
Class com.google.common.io.ByteSource                                                 : loaded 2 times (x 80B)
Class com.google.common.util.concurrent.AbstractFuture$SetFuture                      : loaded 2 times (x 71B)
Class com.google.common.cache.AbstractCache$StatsCounter                              : loaded 2 times (x 66B)
Class com.google.common.collect.MapMakerInternalMap$1                                 : loaded 2 times (x 79B)
Class com.google.common.collect.Iterators$MergingIterator                             : loaded 2 times (x 77B)
Class com.google.common.collect.RegularImmutableSet                                   : loaded 2 times (x 145B)
Class org.gradle.internal.installation.GradleInstallation                             : loaded 2 times (x 71B)
Class com.google.common.base.Splitter$Strategy                                        : loaded 2 times (x 66B)
Class com.google.common.collect.Iterables                                             : loaded 2 times (x 67B)

---------------  S Y S T E M  ---------------

OS:
 Windows 11 , 64 bit Build 26100 (10.0.26100.5074)
OS uptime: 1 days 9:11 hours
Hyper-V role detected

CPU: total 12 (initial active 12) (12 cores per cpu, 2 threads per core) family 25 model 68 stepping 1 microcode 0xa40410a, cx8, cmov, fxsr, ht, mmx, 3dnowpref, sse, sse2, sse3, ssse3, sse4a, sse4.1, sse4.2, popcnt, lzcnt, tsc, tscinvbit, avx, avx2, aes, erms, clmul, bmi1, bmi2, adx, sha, fma, vzeroupper, clflush, clflushopt, hv, rdtscp, rdpid, fsrm, f16c, cet_ss
Processor Information for the first 12 processors :
  Max Mhz: 3301, Current Mhz: 3301, Mhz Limit: 3301

Memory: 4k page, system-wide physical 15573M (2186M free)
TotalPageFile size 38860M (AvailPageFile size 726M)
current process WorkingSet (physical memory assigned to process): 497M, peak: 512M
current process commit charge ("private bytes"): 536M, peak: 552M

vm_info: OpenJDK 64-Bit Server VM (21.0.6+-13391695-b895.109) for windows-amd64 JRE (21.0.6+-13391695-b895.109), built on 2025-04-22T21:19:17Z by "builder" with MS VC++ 16.10 / 16.11 (VS2019)

END.
